-- MySQL dump 10.13  Distrib 5.7.26, for Linux (x86_64)
--
-- Host: localhost    Database: xxz
-- ------------------------------------------------------
-- Server version	5.7.26

/*!40101 SET @OLD_CHARACTER_SET_CLIENT=@@CHARACTER_SET_CLIENT */;
/*!40101 SET @OLD_CHARACTER_SET_RESULTS=@@CHARACTER_SET_RESULTS */;
/*!40101 SET @OLD_COLLATION_CONNECTION=@@COLLATION_CONNECTION */;
/*!40101 SET NAMES utf8 */;
/*!40103 SET @OLD_TIME_ZONE=@@TIME_ZONE */;
/*!40103 SET TIME_ZONE='+00:00' */;
/*!40014 SET @OLD_UNIQUE_CHECKS=@@UNIQUE_CHECKS, UNIQUE_CHECKS=0 */;
/*!40014 SET @OLD_FOREIGN_KEY_CHECKS=@@FOREIGN_KEY_CHECKS, FOREIGN_KEY_CHECKS=0 */;
/*!40101 SET @OLD_SQL_MODE=@@SQL_MODE, SQL_MODE='NO_AUTO_VALUE_ON_ZERO' */;
/*!40111 SET @OLD_SQL_NOTES=@@SQL_NOTES, SQL_NOTES=0 */;

--
-- Table structure for table `auth_group`
--

DROP TABLE IF EXISTS `auth_group`;
/*!40101 SET @saved_cs_client     = @@character_set_client */;
/*!40101 SET character_set_client = utf8 */;
CREATE TABLE `auth_group` (
  `id` int(11) NOT NULL AUTO_INCREMENT,
  `name` varchar(150) NOT NULL,
  PRIMARY KEY (`id`),
  UNIQUE KEY `name` (`name`)
) ENGINE=InnoDB DEFAULT CHARSET=utf8;
/*!40101 SET character_set_client = @saved_cs_client */;

--
-- Dumping data for table `auth_group`
--

LOCK TABLES `auth_group` WRITE;
/*!40000 ALTER TABLE `auth_group` DISABLE KEYS */;
/*!40000 ALTER TABLE `auth_group` ENABLE KEYS */;
UNLOCK TABLES;

--
-- Table structure for table `auth_group_permissions`
--

DROP TABLE IF EXISTS `auth_group_permissions`;
/*!40101 SET @saved_cs_client     = @@character_set_client */;
/*!40101 SET character_set_client = utf8 */;
CREATE TABLE `auth_group_permissions` (
  `id` int(11) NOT NULL AUTO_INCREMENT,
  `group_id` int(11) NOT NULL,
  `permission_id` int(11) NOT NULL,
  PRIMARY KEY (`id`),
  UNIQUE KEY `auth_group_permissions_group_id_permission_id_0cd325b0_uniq` (`group_id`,`permission_id`),
  KEY `auth_group_permissio_permission_id_84c5c92e_fk_auth_perm` (`permission_id`),
  CONSTRAINT `auth_group_permissio_permission_id_84c5c92e_fk_auth_perm` FOREIGN KEY (`permission_id`) REFERENCES `auth_permission` (`id`),
  CONSTRAINT `auth_group_permissions_group_id_b120cbf9_fk_auth_group_id` FOREIGN KEY (`group_id`) REFERENCES `auth_group` (`id`)
) ENGINE=InnoDB DEFAULT CHARSET=utf8;
/*!40101 SET character_set_client = @saved_cs_client */;

--
-- Dumping data for table `auth_group_permissions`
--

LOCK TABLES `auth_group_permissions` WRITE;
/*!40000 ALTER TABLE `auth_group_permissions` DISABLE KEYS */;
/*!40000 ALTER TABLE `auth_group_permissions` ENABLE KEYS */;
UNLOCK TABLES;

--
-- Table structure for table `auth_permission`
--

DROP TABLE IF EXISTS `auth_permission`;
/*!40101 SET @saved_cs_client     = @@character_set_client */;
/*!40101 SET character_set_client = utf8 */;
CREATE TABLE `auth_permission` (
  `id` int(11) NOT NULL AUTO_INCREMENT,
  `name` varchar(255) NOT NULL,
  `content_type_id` int(11) NOT NULL,
  `codename` varchar(100) NOT NULL,
  PRIMARY KEY (`id`),
  UNIQUE KEY `auth_permission_content_type_id_codename_01ab375a_uniq` (`content_type_id`,`codename`),
  CONSTRAINT `auth_permission_content_type_id_2f476e4b_fk_django_co` FOREIGN KEY (`content_type_id`) REFERENCES `django_content_type` (`id`)
) ENGINE=InnoDB AUTO_INCREMENT=53 DEFAULT CHARSET=utf8;
/*!40101 SET character_set_client = @saved_cs_client */;

--
-- Dumping data for table `auth_permission`
--

LOCK TABLES `auth_permission` WRITE;
/*!40000 ALTER TABLE `auth_permission` DISABLE KEYS */;
INSERT INTO `auth_permission` VALUES (1,'Can add log entry',1,'add_logentry'),(2,'Can change log entry',1,'change_logentry'),(3,'Can delete log entry',1,'delete_logentry'),(4,'Can view log entry',1,'view_logentry'),(5,'Can add permission',2,'add_permission'),(6,'Can change permission',2,'change_permission'),(7,'Can delete permission',2,'delete_permission'),(8,'Can view permission',2,'view_permission'),(9,'Can add group',3,'add_group'),(10,'Can change group',3,'change_group'),(11,'Can delete group',3,'delete_group'),(12,'Can view group',3,'view_group'),(13,'Can add content type',4,'add_contenttype'),(14,'Can change content type',4,'change_contenttype'),(15,'Can delete content type',4,'delete_contenttype'),(16,'Can view content type',4,'view_contenttype'),(17,'Can add session',5,'add_session'),(18,'Can change session',5,'change_session'),(19,'Can delete session',5,'delete_session'),(20,'Can view session',5,'view_session'),(21,'Can add news category',6,'add_newscategory'),(22,'Can change news category',6,'change_newscategory'),(23,'Can delete news category',6,'delete_newscategory'),(24,'Can view news category',6,'view_newscategory'),(25,'Can add news',7,'add_news'),(26,'Can change news',7,'change_news'),(27,'Can delete news',7,'delete_news'),(28,'Can view news',7,'view_news'),(29,'Can add user',8,'add_user'),(30,'Can change user',8,'change_user'),(31,'Can delete user',8,'delete_user'),(32,'Can view user',8,'view_user'),(33,'Can add comment',9,'add_comment'),(34,'Can change comment',9,'change_comment'),(35,'Can delete comment',9,'delete_comment'),(36,'Can view comment',9,'view_comment'),(37,'Can add course category',10,'add_coursecategory'),(38,'Can change course category',10,'change_coursecategory'),(39,'Can delete course category',10,'delete_coursecategory'),(40,'Can view course category',10,'view_coursecategory'),(41,'Can add teacher',11,'add_teacher'),(42,'Can change teacher',11,'change_teacher'),(43,'Can delete teacher',11,'delete_teacher'),(44,'Can view teacher',11,'view_teacher'),(45,'Can add course',12,'add_course'),(46,'Can change course',12,'change_course'),(47,'Can delete course',12,'delete_course'),(48,'Can view course',12,'view_course'),(49,'Can add course order',13,'add_courseorder'),(50,'Can change course order',13,'change_courseorder'),(51,'Can delete course order',13,'delete_courseorder'),(52,'Can view course order',13,'view_courseorder');
/*!40000 ALTER TABLE `auth_permission` ENABLE KEYS */;
UNLOCK TABLES;

--
-- Table structure for table `course_course`
--

DROP TABLE IF EXISTS `course_course`;
/*!40101 SET @saved_cs_client     = @@character_set_client */;
/*!40101 SET character_set_client = utf8 */;
CREATE TABLE `course_course` (
  `id` int(11) NOT NULL AUTO_INCREMENT,
  `title` varchar(200) NOT NULL,
  `video_url` varchar(200) NOT NULL,
  `cover_url` varchar(200) NOT NULL,
  `price` double NOT NULL,
  `duration` int(11) NOT NULL,
  `profile` longtext NOT NULL,
  `pub_time` datetime(6) NOT NULL,
  `category_id` int(11) NOT NULL,
  `teacher_id` int(11) NOT NULL,
  PRIMARY KEY (`id`),
  KEY `course_course_category_id_0b2127b9_fk_course_coursecategory_id` (`category_id`),
  KEY `course_course_teacher_id_f04a37b5_fk_course_teacher_id` (`teacher_id`),
  CONSTRAINT `course_course_category_id_0b2127b9_fk_course_coursecategory_id` FOREIGN KEY (`category_id`) REFERENCES `course_coursecategory` (`id`),
  CONSTRAINT `course_course_teacher_id_f04a37b5_fk_course_teacher_id` FOREIGN KEY (`teacher_id`) REFERENCES `course_teacher` (`id`)
) ENGINE=InnoDB AUTO_INCREMENT=3 DEFAULT CHARSET=utf8;
/*!40101 SET character_set_client = @saved_cs_client */;

--
-- Dumping data for table `course_course`
--

LOCK TABLES `course_course` WRITE;
/*!40000 ALTER TABLE `course_course` DISABLE KEYS */;
INSERT INTO `course_course` VALUES (1,'Python视频教程','http://jft0gwzcqqq5wd2jqwn.exp.bcevod.com/mda-jft0mb7nbkue34p5/mda-jft0mb7nbkue34p5.m3u8','http://jft0gwzcqqq5wd2jqwn.exp.bcevod.com/mda-jft0mb7nbkue34p5/mda-jft0mb7nbkue34p5.jpg',199,111111,'<p>Python 新手教程........................</p>','2019-06-27 17:41:14.271455',1,1),(2,'Redis学习','http://jft0gwzcqqq5wd2jqwn.exp.bcevod.com/mda-jft35dgkr427pnje/mda-jft35dgkr427pnje.m3u8','http://jft0gwzcqqq5wd2jqwn.exp.bcevod.com/mda-jft35dgkr427pnje/mda-jft35dgkr427pnje.jpg',0,111111,'<p>Redis学习视频教程</p>','2019-06-27 19:30:23.715772',4,1);
/*!40000 ALTER TABLE `course_course` ENABLE KEYS */;
UNLOCK TABLES;

--
-- Table structure for table `course_coursecategory`
--

DROP TABLE IF EXISTS `course_coursecategory`;
/*!40101 SET @saved_cs_client     = @@character_set_client */;
/*!40101 SET character_set_client = utf8 */;
CREATE TABLE `course_coursecategory` (
  `id` int(11) NOT NULL AUTO_INCREMENT,
  `name` varchar(100) NOT NULL,
  PRIMARY KEY (`id`)
) ENGINE=InnoDB AUTO_INCREMENT=5 DEFAULT CHARSET=utf8;
/*!40101 SET character_set_client = @saved_cs_client */;

--
-- Dumping data for table `course_coursecategory`
--

LOCK TABLES `course_coursecategory` WRITE;
/*!40000 ALTER TABLE `course_coursecategory` DISABLE KEYS */;
INSERT INTO `course_coursecategory` VALUES (1,'Python教程'),(2,'django教程'),(3,'java教程'),(4,'Redis');
/*!40000 ALTER TABLE `course_coursecategory` ENABLE KEYS */;
UNLOCK TABLES;

--
-- Table structure for table `course_courseorder`
--

DROP TABLE IF EXISTS `course_courseorder`;
/*!40101 SET @saved_cs_client     = @@character_set_client */;
/*!40101 SET character_set_client = utf8 */;
CREATE TABLE `course_courseorder` (
  `uid` varchar(22) NOT NULL,
  `amount` double NOT NULL,
  `pub_time` datetime(6) NOT NULL,
  `is_type` smallint(6) NOT NULL,
  `status` smallint(6) NOT NULL,
  `buyer_id` varchar(22) NOT NULL,
  `course_id` int(11) NOT NULL,
  PRIMARY KEY (`uid`),
  KEY `course_courseorder_buyer_id_2e7707af_fk_xfzauth_user_uid` (`buyer_id`),
  KEY `course_courseorder_course_id_5bb0f498_fk_course_course_id` (`course_id`),
  CONSTRAINT `course_courseorder_buyer_id_2e7707af_fk_xfzauth_user_uid` FOREIGN KEY (`buyer_id`) REFERENCES `xfzauth_user` (`uid`),
  CONSTRAINT `course_courseorder_course_id_5bb0f498_fk_course_course_id` FOREIGN KEY (`course_id`) REFERENCES `course_course` (`id`)
) ENGINE=InnoDB DEFAULT CHARSET=utf8;
/*!40101 SET character_set_client = @saved_cs_client */;

--
-- Dumping data for table `course_courseorder`
--

LOCK TABLES `course_courseorder` WRITE;
/*!40000 ALTER TABLE `course_courseorder` DISABLE KEYS */;
INSERT INTO `course_courseorder` VALUES ('2JTYdaoRuWouvHzwPziZdL',199,'2019-06-28 15:07:53.684088',1,1,'w3AMdmQ4pJk6KmMukYfMDJ',1),('4LuYJGe6FS2f8MwTUD6TeD',199,'2019-06-28 14:18:02.576273',1,1,'w3AMdmQ4pJk6KmMukYfMDJ',1),('5mgMtKJGQKbHAZg9qN4zBZ',199,'2019-06-28 14:17:33.710429',1,1,'w3AMdmQ4pJk6KmMukYfMDJ',1),('6v9vXrJdUYWuzR3uTnuMfF',199,'2019-06-28 14:43:00.932827',1,1,'w3AMdmQ4pJk6KmMukYfMDJ',1),('9UaT7YvgoAHCtcua2wKcNX',199,'2019-06-28 14:51:19.283887',1,1,'w3AMdmQ4pJk6KmMukYfMDJ',1),('BGZsMwBxmFUbamm4UU4vAK',199,'2019-06-28 14:41:31.676515',1,1,'w3AMdmQ4pJk6KmMukYfMDJ',1),('biiVXD7unLjDdihq3QqXTj',199,'2019-06-28 14:19:17.841648',1,1,'w3AMdmQ4pJk6KmMukYfMDJ',1),('c79e3a3gnbcUw7CYxVfQif',199,'2019-06-28 15:06:35.388626',1,1,'w3AMdmQ4pJk6KmMukYfMDJ',1),('cazH8mGJXhEFi3dWj9iVe2',199,'2019-06-28 14:18:00.307615',1,1,'w3AMdmQ4pJk6KmMukYfMDJ',1),('cV2SHVV8HSb4WFhA33X8AG',199,'2019-06-28 14:18:43.663570',1,1,'w3AMdmQ4pJk6KmMukYfMDJ',1),('cxdE4qryVe3PiDM5hRZiJi',199,'2019-06-28 15:05:36.696933',1,1,'w3AMdmQ4pJk6KmMukYfMDJ',1),('dY98vFbFaxg4uNLWBTMmmP',199,'2019-06-28 15:21:38.610045',1,1,'w3AMdmQ4pJk6KmMukYfMDJ',1),('EYosgZeQwSn4NkktTm5f4Z',199,'2019-06-28 14:51:21.752675',1,1,'w3AMdmQ4pJk6KmMukYfMDJ',1),('gAntoSGFVHaU4Pw7CepWFZ',199,'2019-06-28 14:15:00.286591',1,1,'w3AMdmQ4pJk6KmMukYfMDJ',1),('i8bsATThhHyYDJSzzartzn',199,'2019-06-28 15:08:01.987244',1,1,'w3AMdmQ4pJk6KmMukYfMDJ',1),('J3ksUquStYJw3z7eBowRTR',199,'2019-06-28 14:22:42.527970',1,1,'w3AMdmQ4pJk6KmMukYfMDJ',1),('Kai7KNgrXoaAmqGGf7xovd',199,'2019-06-28 16:08:55.467767',1,1,'w3AMdmQ4pJk6KmMukYfMDJ',1),('LCFssg2jydUPkfXHvo8sBi',199,'2019-06-28 15:07:17.028976',1,1,'w3AMdmQ4pJk6KmMukYfMDJ',1),('LNdZCTXpY92xoHh4U7nMvU',199,'2019-06-28 14:38:41.737043',1,1,'w3AMdmQ4pJk6KmMukYfMDJ',1),('LzWifNvgXLn9K2duU74k9V',199,'2019-06-28 14:51:58.750909',1,1,'w3AMdmQ4pJk6KmMukYfMDJ',1),('MybmiK4pXZTjtuBZ4Gf9i3',199,'2019-06-28 14:51:07.370411',1,1,'w3AMdmQ4pJk6KmMukYfMDJ',1),('n84Pxt7NoP759kHNmF9yEM',199,'2019-06-28 14:11:52.316324',1,1,'w3AMdmQ4pJk6KmMukYfMDJ',1),('nBhzA49EsCsCoiqwxerNXc',199,'2019-06-28 14:49:57.220570',1,1,'w3AMdmQ4pJk6KmMukYfMDJ',1),('o5YAWNp75u3JbX5EQCev6N',199,'2019-06-28 14:33:42.572468',1,1,'w3AMdmQ4pJk6KmMukYfMDJ',1),('pKHrpyCNKXMLeZYn6s82UT',199,'2019-06-28 14:42:25.792500',1,1,'w3AMdmQ4pJk6KmMukYfMDJ',1),('pLiQ66APbhkwE5i3fMA8U7',199,'2019-06-28 15:08:04.184040',1,1,'w3AMdmQ4pJk6KmMukYfMDJ',1),('PmZVWN9A3bvobxEgvNouTH',199,'2019-06-28 14:54:12.053522',1,1,'w3AMdmQ4pJk6KmMukYfMDJ',1),('QmM4MW5NYz3GvgPoAsBy5R',199,'2019-06-28 15:02:38.659536',1,1,'w3AMdmQ4pJk6KmMukYfMDJ',1),('sAVddDAb27HvgiZhSq5RZH',199,'2019-06-28 14:53:20.426712',1,1,'w3AMdmQ4pJk6KmMukYfMDJ',1),('tMRi87AhYdkDLyFYwNS2mM',199,'2019-06-28 15:06:52.308762',1,1,'w3AMdmQ4pJk6KmMukYfMDJ',1),('TuxHif4Pbjq6Y4xRETjzZS',199,'2019-06-28 15:20:34.674123',1,1,'w3AMdmQ4pJk6KmMukYfMDJ',1),('vrFHYUwu7PzMsyPsVGn4k6',199,'2019-06-28 14:42:14.498117',1,1,'w3AMdmQ4pJk6KmMukYfMDJ',1),('VtrvFLrRpGw4vLcig7RxBC',199,'2019-06-28 14:14:57.007104',1,1,'w3AMdmQ4pJk6KmMukYfMDJ',1),('YkrkfSPiMRtDYBDNnvUxd4',199,'2019-06-28 14:39:29.433046',1,1,'w3AMdmQ4pJk6KmMukYfMDJ',1);
/*!40000 ALTER TABLE `course_courseorder` ENABLE KEYS */;
UNLOCK TABLES;

--
-- Table structure for table `course_teacher`
--

DROP TABLE IF EXISTS `course_teacher`;
/*!40101 SET @saved_cs_client     = @@character_set_client */;
/*!40101 SET character_set_client = utf8 */;
CREATE TABLE `course_teacher` (
  `id` int(11) NOT NULL AUTO_INCREMENT,
  `username` varchar(20) NOT NULL,
  `avatar` varchar(200) NOT NULL,
  `profile` longtext NOT NULL,
  `jobtitle` varchar(100) NOT NULL,
  PRIMARY KEY (`id`)
) ENGINE=InnoDB AUTO_INCREMENT=2 DEFAULT CHARSET=utf8;
/*!40101 SET character_set_client = @saved_cs_client */;

--
-- Dumping data for table `course_teacher`
--

LOCK TABLES `course_teacher` WRITE;
/*!40000 ALTER TABLE `course_teacher` DISABLE KEYS */;
INSERT INTO `course_teacher` VALUES (1,'马化腾','http://ptmoolpfo.bkt.clouddn.com/1561424134151.jpeg','互联网大佬，腾讯公司创始人，中国社交之父，创办了社交应用QQ，微信。中国游戏领域的领军人物，旗下各类五花八门的游戏很牛逼，吸引了中国无数青少年沉迷其中，不能自拔。对中国的互联网领域的发展有深刻的影响。','腾讯CEO，董事局主席');
/*!40000 ALTER TABLE `course_teacher` ENABLE KEYS */;
UNLOCK TABLES;

--
-- Table structure for table `django_admin_log`
--

DROP TABLE IF EXISTS `django_admin_log`;
/*!40101 SET @saved_cs_client     = @@character_set_client */;
/*!40101 SET character_set_client = utf8 */;
CREATE TABLE `django_admin_log` (
  `id` int(11) NOT NULL AUTO_INCREMENT,
  `action_time` datetime(6) NOT NULL,
  `object_id` longtext,
  `object_repr` varchar(200) NOT NULL,
  `action_flag` smallint(5) unsigned NOT NULL,
  `change_message` longtext NOT NULL,
  `content_type_id` int(11) DEFAULT NULL,
  `user_id` varchar(22) NOT NULL,
  PRIMARY KEY (`id`),
  KEY `django_admin_log_content_type_id_c4bce8eb_fk_django_co` (`content_type_id`),
  KEY `django_admin_log_user_id_c564eba6_fk_xfzauth_user_uid` (`user_id`),
  CONSTRAINT `django_admin_log_content_type_id_c4bce8eb_fk_django_co` FOREIGN KEY (`content_type_id`) REFERENCES `django_content_type` (`id`),
  CONSTRAINT `django_admin_log_user_id_c564eba6_fk_xfzauth_user_uid` FOREIGN KEY (`user_id`) REFERENCES `xfzauth_user` (`uid`)
) ENGINE=InnoDB DEFAULT CHARSET=utf8;
/*!40101 SET character_set_client = @saved_cs_client */;

--
-- Dumping data for table `django_admin_log`
--

LOCK TABLES `django_admin_log` WRITE;
/*!40000 ALTER TABLE `django_admin_log` DISABLE KEYS */;
/*!40000 ALTER TABLE `django_admin_log` ENABLE KEYS */;
UNLOCK TABLES;

--
-- Table structure for table `django_content_type`
--

DROP TABLE IF EXISTS `django_content_type`;
/*!40101 SET @saved_cs_client     = @@character_set_client */;
/*!40101 SET character_set_client = utf8 */;
CREATE TABLE `django_content_type` (
  `id` int(11) NOT NULL AUTO_INCREMENT,
  `app_label` varchar(100) NOT NULL,
  `model` varchar(100) NOT NULL,
  PRIMARY KEY (`id`),
  UNIQUE KEY `django_content_type_app_label_model_76bd3d3b_uniq` (`app_label`,`model`)
) ENGINE=InnoDB AUTO_INCREMENT=14 DEFAULT CHARSET=utf8;
/*!40101 SET character_set_client = @saved_cs_client */;

--
-- Dumping data for table `django_content_type`
--

LOCK TABLES `django_content_type` WRITE;
/*!40000 ALTER TABLE `django_content_type` DISABLE KEYS */;
INSERT INTO `django_content_type` VALUES (1,'admin','logentry'),(3,'auth','group'),(2,'auth','permission'),(4,'contenttypes','contenttype'),(12,'course','course'),(10,'course','coursecategory'),(13,'course','courseorder'),(11,'course','teacher'),(9,'news','comment'),(7,'news','news'),(6,'news','newscategory'),(5,'sessions','session'),(8,'xfzauth','user');
/*!40000 ALTER TABLE `django_content_type` ENABLE KEYS */;
UNLOCK TABLES;

--
-- Table structure for table `django_migrations`
--

DROP TABLE IF EXISTS `django_migrations`;
/*!40101 SET @saved_cs_client     = @@character_set_client */;
/*!40101 SET character_set_client = utf8 */;
CREATE TABLE `django_migrations` (
  `id` int(11) NOT NULL AUTO_INCREMENT,
  `app` varchar(255) NOT NULL,
  `name` varchar(255) NOT NULL,
  `applied` datetime(6) NOT NULL,
  PRIMARY KEY (`id`)
) ENGINE=InnoDB AUTO_INCREMENT=25 DEFAULT CHARSET=utf8;
/*!40101 SET character_set_client = @saved_cs_client */;

--
-- Dumping data for table `django_migrations`
--

LOCK TABLES `django_migrations` WRITE;
/*!40000 ALTER TABLE `django_migrations` DISABLE KEYS */;
INSERT INTO `django_migrations` VALUES (1,'contenttypes','0001_initial','2019-06-25 06:49:59.048931'),(2,'contenttypes','0002_remove_content_type_name','2019-06-25 06:49:59.797264'),(3,'auth','0001_initial','2019-06-25 06:50:00.503281'),(4,'auth','0002_alter_permission_name_max_length','2019-06-25 06:50:02.935757'),(5,'auth','0003_alter_user_email_max_length','2019-06-25 06:50:02.980569'),(6,'auth','0004_alter_user_username_opts','2019-06-25 06:50:03.021995'),(7,'auth','0005_alter_user_last_login_null','2019-06-25 06:50:03.059616'),(8,'auth','0006_require_contenttypes_0002','2019-06-25 06:50:03.093579'),(9,'auth','0007_alter_validators_add_error_messages','2019-06-25 06:50:03.135976'),(10,'auth','0008_alter_user_username_max_length','2019-06-25 06:50:03.179475'),(11,'auth','0009_alter_user_last_name_max_length','2019-06-25 06:50:03.219470'),(12,'auth','0010_alter_group_name_max_length','2019-06-25 06:50:03.716472'),(13,'auth','0011_update_proxy_permissions','2019-06-25 06:50:03.750937'),(14,'xfzauth','0001_initial','2019-06-25 06:50:04.502262'),(15,'admin','0001_initial','2019-06-25 06:50:07.506099'),(16,'admin','0002_logentry_remove_auto_add','2019-06-25 06:50:08.733512'),(17,'admin','0003_logentry_add_action_flag_choices','2019-06-25 06:50:08.766574'),(18,'news','0001_initial','2019-06-25 06:50:09.187776'),(19,'sessions','0001_initial','2019-06-25 06:50:11.101820'),(20,'news','0002_auto_20190627_0010','2019-06-26 16:10:51.060117'),(21,'news','0003_auto_20190627_0115','2019-06-26 17:15:46.894212'),(22,'course','0001_initial','2019-06-27 16:07:08.604972'),(23,'news','0004_auto_20190628_0007','2019-06-27 16:07:09.728429'),(24,'course','0002_courseorder','2019-06-28 14:02:40.356393');
/*!40000 ALTER TABLE `django_migrations` ENABLE KEYS */;
UNLOCK TABLES;

--
-- Table structure for table `django_session`
--

DROP TABLE IF EXISTS `django_session`;
/*!40101 SET @saved_cs_client     = @@character_set_client */;
/*!40101 SET character_set_client = utf8 */;
CREATE TABLE `django_session` (
  `session_key` varchar(40) NOT NULL,
  `session_data` longtext NOT NULL,
  `expire_date` datetime(6) NOT NULL,
  PRIMARY KEY (`session_key`),
  KEY `django_session_expire_date_a5c62663` (`expire_date`)
) ENGINE=InnoDB DEFAULT CHARSET=utf8;
/*!40101 SET character_set_client = @saved_cs_client */;

--
-- Dumping data for table `django_session`
--

LOCK TABLES `django_session` WRITE;
/*!40000 ALTER TABLE `django_session` DISABLE KEYS */;
INSERT INTO `django_session` VALUES ('y4rv2mov4tlaflvl7uuw3i8crk0n3jw7','YjIwNmE3OTllMDA0NDUyMWQ4MGMzZjI3ZDFiOGZhYjM1N2IxYTJkZTp7Il9hdXRoX3VzZXJfaWQiOiJ3M0FNZG1RNHBKazZLbU11a1lmTURKIiwiX2F1dGhfdXNlcl9iYWNrZW5kIjoiZGphbmdvLmNvbnRyaWIuYXV0aC5iYWNrZW5kcy5Nb2RlbEJhY2tlbmQiLCJfYXV0aF91c2VyX2hhc2giOiJiYzU5NWM2ODI1NjA4MjgxOWFhMTBjZTQ1YzdmNDY1MzRjOTRhYjM1IiwiX3Nlc3Npb25fZXhwaXJ5IjowfQ==','2019-07-10 18:10:28.866276');
/*!40000 ALTER TABLE `django_session` ENABLE KEYS */;
UNLOCK TABLES;

--
-- Table structure for table `news_comment`
--

DROP TABLE IF EXISTS `news_comment`;
/*!40101 SET @saved_cs_client     = @@character_set_client */;
/*!40101 SET character_set_client = utf8 */;
CREATE TABLE `news_comment` (
  `id` int(11) NOT NULL AUTO_INCREMENT,
  `content` longtext NOT NULL,
  `pub_time` datetime(6) NOT NULL,
  `author_id` varchar(22) NOT NULL,
  `news_id` int(11) NOT NULL,
  PRIMARY KEY (`id`),
  KEY `news_comment_author_id_088b3054_fk_xfzauth_user_uid` (`author_id`),
  KEY `news_comment_news_id_18ce08a8_fk_news_news_id` (`news_id`),
  CONSTRAINT `news_comment_author_id_088b3054_fk_xfzauth_user_uid` FOREIGN KEY (`author_id`) REFERENCES `xfzauth_user` (`uid`),
  CONSTRAINT `news_comment_news_id_18ce08a8_fk_news_news_id` FOREIGN KEY (`news_id`) REFERENCES `news_news` (`id`)
) ENGINE=InnoDB AUTO_INCREMENT=9 DEFAULT CHARSET=utf8;
/*!40101 SET character_set_client = @saved_cs_client */;

--
-- Dumping data for table `news_comment`
--

LOCK TABLES `news_comment` WRITE;
/*!40000 ALTER TABLE `news_comment` DISABLE KEYS */;
INSERT INTO `news_comment` VALUES (1,'asds','2019-06-26 17:13:20.379548','w3AMdmQ4pJk6KmMukYfMDJ',8),(2,'zhenhao!','2019-06-26 17:24:39.531085','w3AMdmQ4pJk6KmMukYfMDJ',8),(3,'zhenhao','2019-06-26 17:26:20.794898','w3AMdmQ4pJk6KmMukYfMDJ',8),(4,'heheda','2019-06-26 17:28:19.928551','w3AMdmQ4pJk6KmMukYfMDJ',8),(5,'asd','2019-06-26 17:31:13.260389','w3AMdmQ4pJk6KmMukYfMDJ',8),(6,'评论功能完成','2019-06-26 17:33:49.089569','w3AMdmQ4pJk6KmMukYfMDJ',8),(7,'添加login_required装饰器','2019-06-26 18:12:04.396203','w3AMdmQ4pJk6KmMukYfMDJ',8),(8,'asdsadsadsa','2019-06-26 18:12:39.029886','w3AMdmQ4pJk6KmMukYfMDJ',8);
/*!40000 ALTER TABLE `news_comment` ENABLE KEYS */;
UNLOCK TABLES;

--
-- Table structure for table `news_news`
--

DROP TABLE IF EXISTS `news_news`;
/*!40101 SET @saved_cs_client     = @@character_set_client */;
/*!40101 SET character_set_client = utf8 */;
CREATE TABLE `news_news` (
  `id` int(11) NOT NULL AUTO_INCREMENT,
  `title` varchar(50) NOT NULL,
  `desc` varchar(300) NOT NULL,
  `content` longtext NOT NULL,
  `thumbnail` varchar(200) NOT NULL,
  `pub_time` datetime(6) NOT NULL,
  `author_id` varchar(22) DEFAULT NULL,
  `category_id` int(11) DEFAULT NULL,
  PRIMARY KEY (`id`),
  KEY `news_news_author_id_9f88be71_fk_xfzauth_user_uid` (`author_id`),
  KEY `news_news_category_id_f060a768_fk_news_newscategory_id` (`category_id`),
  CONSTRAINT `news_news_author_id_9f88be71_fk_xfzauth_user_uid` FOREIGN KEY (`author_id`) REFERENCES `xfzauth_user` (`uid`),
  CONSTRAINT `news_news_category_id_f060a768_fk_news_newscategory_id` FOREIGN KEY (`category_id`) REFERENCES `news_newscategory` (`id`)
) ENGINE=InnoDB AUTO_INCREMENT=11 DEFAULT CHARSET=utf8;
/*!40101 SET character_set_client = @saved_cs_client */;

--
-- Dumping data for table `news_news`
--

LOCK TABLES `news_news` WRITE;
/*!40000 ALTER TABLE `news_news` DISABLE KEYS */;
INSERT INTO `news_news` VALUES (1,'球鞋交易平台 nice 完成 D 轮融资，凡卓资本担任独家财务顾问','TPG软银合资基金和元璟资本共同领投，经纬中国和凡创资本跟投。','6月24日，球鞋交易平台 nice 正式宣布完成了数千万美元的D 轮融资，本轮融资由TPG软银合资基金和元璟资本共同领投，经纬中国和凡创资本跟投，凡卓资本为本轮融资独家财务顾问。\n\nnice 创立于 2013 年，一开始定位于图片社交，并在 2014 年一年内完成了 3 轮超过 6000 万美元融资，团队在 2018 年转型，新产品定位于“潮人社区 + 交易平台”，于 2018 年 7 月正式上线。只用了 5 个月时间，平台就实现了月 GMV 过亿的目标。\n\n球鞋是一个增速极快的市场，也是一个过往被主流所忽略的市场，这是 nice 转型时所看到的机会。\n\n因此，对于nice 发展，周首认为，首先自然是球鞋市场、更具体而言潮流消费的红利，nice 核心则在于“找到了差异化需求”，同时基于这个需求在产品上形成了差异。 \n\nnice 对于需求的定义分为两大块，“买什么”和“怎么交易”。 \n\n前者对应的是种草以及对泛大众人群的科普，后者则针对的是交易，因此，在产品上，nice“左手社区、右手交易”，去满足从内容、到社区最终到交易服务这一条链路上的需求。 \n\n社区板块解决的是过往球鞋、潮流相关内容消费过于分散的痛点。由于是球鞋所对应的潮流消费其实是极度非标的品类，因此用户对于内容的依赖会比较强。\n\n周首透露，nice 的定位是对潮牌感兴趣的人，核心定位是社区，即便是交易也是社区的延伸，核心是通过社区来“黏住”用户、驱动消费。更直白来说，nice 希望营造的一个路径是，用户因为优质内容来到 nice，并产生留存，最终通过机制设计帮助用户和用户在这里完成交易。 \n\n因此到了交易环节，nice 的定位则是一个 C2C 的平台。球鞋可转卖的特性衍生出了“球鞋二级市场”这一概念，在海外已经诞生了如 StockX 这样的超级平台。\n\nC2C 模式下的交易平台和电商最大的不同在于，平台上买卖家身份是流通的，这就决定了在产品设计和运营逻辑上都是和电商是不同的玩法，周首认为，“只有同时最大化满足买卖双方的需求，用户才会更愿意留在平台上。”\n\n此外，C2C 的互动机制解决了非标品交易的定价问题，前提在于服务足够标准，为了保证服务的标准化，nice 做了三件事情：\n\n· 鉴定服务：这一点是球鞋交易过程中的痛点，但其实也是标准化的基础；\n\n· 保证卖家发货及买家收货时间；\n\n· 对买卖双方更为公平的交易规则。\n\n在具体的服务方式上，nice 目标支持现货交易、闪购、二手等不同类型的产品交易，但核心仍旧是一个双边交易平台，主要盈利点在于抽佣。 \n\n在球鞋之后，nice 一定要做的是扩品类，但整体上，团队对于 SKU 的把控仍比较紧，不会轻易拓展品类和 SKU，主要会结合社区讨论热度上架新品、对新品类进行尝试。至于如何定义“潮流消费品”，周首认为，未来潮流消费一定是和大众消费平行的市场，只不过是不同的场景和单品上的诉求。\n\n以上半年大火的星巴克猫爪杯为例，在官方发售后，在 nice 的社区中也占据了很高的热度，因此平台上线了这一 SKU，48小时内 nice 平台交易近 3000 个，今年 6月推出优衣库与 kaws 的联名系列，在 nice 的平台上48小时内产生了超过了 3 万件的交易。\n\n就目前来看，nice 的重点仍是强化口碑，换句话说，到目前，nice 所服务的还是相对 hardcore 的潮流消费用户，没有特别泛大众，目前平台上 88% 用户为 95后。\n\n本轮融资完成后，团队会主要在产品技术、服务团队的拓张，同时也会在用户规模扩大上进行投入。\n\n关于本轮投资，领投机构的投资逻辑是：\n\n元璟资本合伙人王琦表示，元璟持续关注新人群出现、代际更替和需求升级带来的新消费创新，nice 是我们从中发现的新兴平台型机会。线上潮鞋买卖市场的快速崛起激发了大量年轻群体的消费需求，尤其集中在男性领域和95后年轻人身上，nice打造的线上交易平台精准的抓住了这一趋势，实现了业务高速增长。凭借公司创始团队在行业深耕多年的经验积累和对这一消费人群的深刻理解，我们相信nice能够切入更广泛的潮流单品领域，成为年轻人群的聚集地和潮品交易平台。\n\nTPG软银合资基金合伙人丁海鹏认为：“潮流已经不再只是一种小众兴趣，而成为了当下年轻人普遍拥有的重要生活态度。nice则有潜力成为中国的StockX，不仅仅成为潮流鞋品的交易所，更是成为所有具备升值潜力的消费者产品的交易所，nice的CEO周首与团队有过多年的创业经验，对于潮流有着极为深刻的理解，他们共同经历过起伏，现在拥有了更多的经验以及更好的心态，我们相信这一支团队在未来能将nice带向更高的地方。”\n\n\n对于此次合作，凡卓资本创始人兼CEO李晶表示，年轻人在消费中注重个性化的趋势越来越明显，随着95后甚至00后成为新一代主流消费群体，服饰、鞋履等衣着打扮相关的消费市场将有明显的变化。需求旺盛的另一端，是供给从极为有限转向丰富，发布受追捧的尖货不再仅仅是品牌的市场行为，而是既能让品牌与年轻人拉近距离、也能贡献可观收入和利润的核心业务，越来越多的品牌都加入生产真正尖货的行列。但整个市场仍处于供不应求的状态，这催生出规模越来越大的交易平台，让尖货在品牌渠道之外有了更加活跃的流转。\n\nnice以“社区+转卖平台”的模式进入市场，依托对内容和商品聚集，让年轻人在平台上完成“种草”到“拔草”再到上传内容给他人的“再种草”以及二手商品交易的生态闭环。nice的鉴定服务、双边报价撮合交易的模式解决了市场中原有的商品难以保真、难以定价的难题，也促进交易在从核心人群逐渐泛化到更大的年轻群体。nice在年轻人个性化消费趋势的影响及团队的努力下，定能成为极具影响力的社区及消费平台。凡卓资本愿意持续支持nice，伴随公司的快速成长与飞跃！','http://ptmoolpfo.bkt.clouddn.com/1561445240676.png','2019-06-25 07:22:10.863065','w3AMdmQ4pJk6KmMukYfMDJ',1),(2,'聚思教育发布脑训练课程体系，与朴新教育达成战略合作','双方未来将就在线课程推广开展全方位的深度合作。','<p style=\"margin-top: 10px; margin-bottom: 10px; padding: 0px; line-height: 30px; text-align: justify; color: rgb(85, 85, 85); font-family: &quot;Microsoft YaHei&quot;, Helvetica, Arial, sans-serif; white-space: normal; background-color: rgb(255, 255, 255);\"><span style=\"margin: 0px; padding: 0px; color: rgb(63, 63, 63);\">6月18日，聚思教育召开“聚焦·赋能”三周年庆暨全系课程2.0发布会。</span></p><p style=\"margin-top: 10px; margin-bottom: 10px; padding: 0px; line-height: 30px; text-align: justify; color: rgb(85, 85, 85); font-family: &quot;Microsoft YaHei&quot;, Helvetica, Arial, sans-serif; white-space: normal; background-color: rgb(255, 255, 255);\"><span style=\"margin: 0px; padding: 0px; color: rgb(63, 63, 63);\">北京师范大学社会发展与公共政策学院教授、国际应用心理学会儿童发展与家庭教育研究院院长冯波教授，北京师范大学中国教育与社会发展研究院副教授周秀平副教授，朴新教育集团CTO张诗童，聚思教育CEO董春梅以及聚思合作伙伴代表参加了此次发布会。</span></p><p style=\"margin-top: 10px; margin-bottom: 10px; padding: 0px; line-height: 30px; text-align: justify; color: rgb(85, 85, 85); font-family: &quot;Microsoft YaHei&quot;, Helvetica, Arial, sans-serif; white-space: normal; background-color: rgb(255, 255, 255);\"><span style=\"margin: 0px; padding: 0px; color: rgb(63, 63, 63);\">聚思教育成立于2016年，主要业务为将脑反馈专注力产品，与认知能力训练课程、纯正美式REBT情商课程结合，<strong style=\"margin: 0px; padding: 0px;\">为儿童提供素质教育课程，帮助孩子建立专注高效的学习能力基础，同时培养孩子情绪管理、团队合作及思维创新能力。</strong><strong style=\"margin: 0px; padding: 0px;\"></strong></span></p><p style=\"margin-top: 10px; margin-bottom: 10px; padding: 0px; line-height: 30px; text-align: justify; color: rgb(85, 85, 85); font-family: &quot;Microsoft YaHei&quot;, Helvetica, Arial, sans-serif; white-space: normal; background-color: rgb(255, 255, 255);\"><span style=\"margin: 0px; padding: 0px; color: rgb(63, 63, 63);\">本次聚思全系课程2.0——脑训练课程体系的发布，意味着聚思教育课程产品的升级。脑科学训练课程体系围绕专注力、思维＆学能、情商为载体的课程框架，系统开发儿童的核心认知技能、学习能力，聚焦儿童认知技能水平、情商管理和思维创新能力的培养，深层开发儿童的可塑性。</span></p><p style=\"margin-top: 10px; margin-bottom: 10px; padding: 0px; line-height: 30px; text-align: justify; color: rgb(85, 85, 85); font-family: &quot;Microsoft YaHei&quot;, Helvetica, Arial, sans-serif; white-space: normal; background-color: rgb(255, 255, 255);\"><span style=\"margin: 0px; padding: 0px; color: rgb(63, 63, 63);\">对于本次聚思的战略升级，董春梅表示，将在原有的在线一对一的教学模式基础上，推出在线小班课的授课方式，能够保证优化用户体验的同时，有效提升教学效果。<br/></span></p><p style=\"margin-top: 10px; margin-bottom: 10px; padding: 0px; line-height: 30px; text-align: justify; color: rgb(85, 85, 85); font-family: &quot;Microsoft YaHei&quot;, Helvetica, Arial, sans-serif; white-space: normal; background-color: rgb(255, 255, 255);\"><span style=\"margin: 0px; padding: 0px; color: rgb(63, 63, 63);\"><strong style=\"margin: 0px; padding: 0px;\">与此同时，聚思将规划全球发展战略，整合国外资源，在世界范围内开展脑训练全球战略作。</strong></span></p><p style=\"margin-top: 10px; margin-bottom: 10px; padding: 0px; line-height: 30px; text-align: justify; color: rgb(85, 85, 85); font-family: &quot;Microsoft YaHei&quot;, Helvetica, Arial, sans-serif; white-space: normal; background-color: rgb(255, 255, 255);\"><span style=\"margin: 0px; padding: 0px; color: rgb(63, 63, 63);\">除此以外，针对现有的儿童脑训练领域的发展潜力，聚思将进一步开拓成人脑训练市场。</span></p><p style=\"margin-top: 10px; margin-bottom: 10px; padding: 0px; line-height: 30px; text-align: justify; color: rgb(85, 85, 85); font-family: &quot;Microsoft YaHei&quot;, Helvetica, Arial, sans-serif; white-space: normal; background-color: rgb(255, 255, 255);\"><span style=\"margin: 0px; padding: 0px; color: rgb(63, 63, 63);\"><strong style=\"margin: 0px; padding: 0px;\">在发布会现场，朴新教育与聚思教育达成战略合作，双方未来将就在线课程推广开展全方位的深度合作。</strong></span></p><p><span style=\"color: rgb(63, 63, 63); font-family: &quot;Microsoft YaHei&quot;, Helvetica, Arial, sans-serif; text-align: justify; background-color: rgb(255, 255, 255);\">聚思教育创立三年，课程先后进入白家庄小学、石景山培智学校、嘉兴实验、嘉兴钧儒、北师大南湖附属学校等公立学校，在开展校企合作的同时，其也在全国范围内建立了多个“专注力训练实践基地”，至今为止，</span><strong style=\"margin: 0px; padding: 0px; color: rgb(63, 63, 63); font-family: &quot;Microsoft YaHei&quot;, Helvetica, Arial, sans-serif; text-align: justify; white-space: normal; background-color: rgb(255, 255, 255);\">“聚思专注力”已经全国20个省51个城市建立了将近90家培训中心</strong></p>','http://ptmoolpfo.bkt.clouddn.com/1561479256727.png','2019-06-25 16:15:04.146553','w3AMdmQ4pJk6KmMukYfMDJ',3),(3,'印度人摩托车上的商业帝国','近些年印度市场涌现出一批摩托车创业公司，摩托车是 否能够解决印度人最后一公里的出行难题？印度的创业 者又是否能够在摩托车上建立起自己的商业帝国？','<p style=\"margin-top: 10px; margin-bottom: 10px; padding: 0px; line-height: 30px; text-align: justify; color: rgb(85, 85, 85); font-family: &quot;Microsoft YaHei&quot;, Helvetica, Arial, sans-serif; white-space: normal; background-color: rgb(255, 255, 255);\"><span style=\"margin: 0px; padding: 0px; color: rgb(63, 63, 63);\">印度的出行市场已经达到百亿美金规模。国际巨头和本土企业涌进赛道后这一市场被快速撑起，背后不乏软银、红杉、滴滴等资本玩家。</span></p><p style=\"margin-top: 10px; margin-bottom: 10px; padding: 0px; line-height: 30px; text-align: justify; color: rgb(85, 85, 85); font-family: &quot;Microsoft YaHei&quot;, Helvetica, Arial, sans-serif; white-space: normal; background-color: rgb(255, 255, 255);\"><span style=\"margin: 0px; padding: 0px; color: rgb(63, 63, 63);\">在出行这个大赛道里，摩托车这个细分领域是个有意思的存在，不同于中国和日本的单车，印度摩托车的普及程度相当高，就算没有去过印度也一定见过印度阅兵式上吸引全球目光的摩托车特技表演，还有印度人叠罗汉般一路开挂的摩托车出行。所以将摩托车称为国民出行工具也毫不夸张。</span></p><p style=\"margin-top: 10px; margin-bottom: 10px; padding: 0px; line-height: 30px; text-align: justify; color: rgb(85, 85, 85); font-family: &quot;Microsoft YaHei&quot;, Helvetica, Arial, sans-serif; white-space: normal; background-color: rgb(255, 255, 255);\"><span style=\"margin: 0px; padding: 0px; color: rgb(63, 63, 63);\">近些年，印度市场涌现出一批摩托车创业公司，比如网约摩托车公司Rapido、共享电动摩托车公司Vogo，提供包括摩托车、滑板车、自行车等在内的共享出行公司Bounce，甚至还有依靠摩托车提供跑腿服务的Dunzo。</span></p><p style=\"margin-top: 10px; margin-bottom: 10px; padding: 0px; line-height: 30px; text-align: justify; color: rgb(85, 85, 85); font-family: &quot;Microsoft YaHei&quot;, Helvetica, Arial, sans-serif; white-space: normal; background-color: rgb(255, 255, 255);\"><span style=\"margin: 0px; padding: 0px; color: rgb(63, 63, 63);\">摩托车是否能够解决印度人最后一公里的出行难题？印度的创业者又是否能够在摩托车上建立起自己的商业帝国？</span></p><h3 style=\"margin: 20px auto; padding: 0px 0px 0px 15px; font-size: 18px; color: rgb(33, 33, 33); line-height: 30px; border-left: 5px solid rgb(246, 118, 106); font-family: &quot;Microsoft YaHei&quot;, Helvetica, Arial, sans-serif; white-space: normal; background-color: rgb(255, 255, 255);\"><span style=\"margin: 0px; padding: 0px; color: rgb(63, 63, 63);\">1、全球最大摩托车市场：天时地利人和</span></h3><p style=\"margin-top: 10px; margin-bottom: 10px; padding: 0px; line-height: 30px; text-align: justify; color: rgb(85, 85, 85); font-family: &quot;Microsoft YaHei&quot;, Helvetica, Arial, sans-serif; white-space: normal; background-color: rgb(255, 255, 255);\"><span style=\"margin: 0px; padding: 0px; color: rgb(63, 63, 63);\">据印度汽车工业协会统计，印度早在2016年摩托车销量就已经达到1770万辆超过中国成为全球最大摩托车市场，平均日销量达到4.8万辆，其中小型摩托车保持着20%的年销量增长率。到了2017年，印度摩托车的产销量均迈入2000万辆大关，整体销量是汽车的4倍。</span></p><p style=\"margin-top: 10px; margin-bottom: 10px; padding: 0px; line-height: 30px; text-align: justify; color: rgb(85, 85, 85); font-family: &quot;Microsoft YaHei&quot;, Helvetica, Arial, sans-serif; white-space: normal; background-color: rgb(255, 255, 255);\"><span style=\"margin: 0px; padding: 0px; color: rgb(63, 63, 63);\">成全球最大摩托车市场的原因很大程度要归结于印度城市拥挤的交通。受限于当地的道路基础设施，印度很多城市都面临严重的交通拥堵问题。对比全球各国平均通勤时间，日本通勤时间39分钟左右，中国在57分钟左右，而印度的通勤时间却高达91分钟，所以针对最后几公里的出行来说，摩托车是最为灵活的方式，效率更高。</span></p><p style=\"margin-top: 10px; margin-bottom: 10px; padding: 0px; line-height: 30px; text-align: justify; color: rgb(85, 85, 85); font-family: &quot;Microsoft YaHei&quot;, Helvetica, Arial, sans-serif; white-space: normal; background-color: rgb(255, 255, 255);\"><span style=\"margin: 0px; padding: 0px; color: rgb(63, 63, 63);\">另外从人均可支配收入来看，拥有私家汽车还是身份和财力的象征，大多数人无法负担买车用车的成本，因此摩托车性价比更高，依然是印度中等收入家庭交通工具的首选。</span></p><p style=\"margin-top: 10px; margin-bottom: 10px; padding: 0px; line-height: 30px; text-align: justify; color: rgb(85, 85, 85); font-family: &quot;Microsoft YaHei&quot;, Helvetica, Arial, sans-serif; white-space: normal; background-color: rgb(255, 255, 255);\"><span style=\"margin: 0px; padding: 0px; color: rgb(63, 63, 63);\">再来看市场痛点，目前印度精英阶层约占总人口的5%，通勤主要依赖“突突车”或者汽车，一般5公里之内的花费在1.4美元左右；而对于占人口约18%的低收入群体来说，出行主要依赖公交车、自行车或者步行，通勤费用在0.2美元左右。相比于公交车、自行车，摩托车的便捷性显然更高。然而这个45亿美金的短途出行市场却没有为中等收入群体提供很好的解决方案，市场空白明显。</span></p><p style=\"margin-top: 10px; margin-bottom: 10px; padding: 0px; line-height: 30px; text-align: justify; color: rgb(85, 85, 85); font-family: &quot;Microsoft YaHei&quot;, Helvetica, Arial, sans-serif; white-space: normal; background-color: rgb(255, 255, 255);\"><span style=\"margin: 0px; padding: 0px; color: rgb(63, 63, 63);\">移动支付也完善了摩托车创业过程中所需的基础设施。2018年，印度的互联网用户已经达到5.4亿，和中国的8.28亿相比差距在不断缩小。印度也是全球智能手机增长最快的市场，2018年的出货量达到1.42亿部，平均每100人里就有88台，这个数据接近中国2013年的水平，依然存在很大的增长空间。与此同时，印度电子支付市场已经达到1万亿美元，Paytm作为印度最大的移动支付平台，目前已经有3亿注册用户。有硬件、有用户、有支付手段，这些因素都大大推动了印度出行市场的发展。</span></p><p style=\"margin-top: 10px; margin-bottom: 10px; padding: 0px; line-height: 30px; text-align: justify; color: rgb(85, 85, 85); font-family: &quot;Microsoft YaHei&quot;, Helvetica, Arial, sans-serif; white-space: normal; background-color: rgb(255, 255, 255);\"><span style=\"margin: 0px; padding: 0px; color: rgb(63, 63, 63);\">最后放眼全球出行市场会发现，除了Uber和滴滴两个估值分别达到730亿美元和560亿美元的巨头之外，成立于2010年在印尼起家的Go-Jek估值也已经达到100亿美元，成为一方霸主，在Uber和Grab还在争夺东南亚网约汽车市场的时候却瞄准了“三蹦子”，为用户提供“网约摩的”服务，并且在接下来的几年里以摩的出行为基准点不断延伸业务，最终成为一家涵盖摩的、外卖、支付、超市送货、按摩、家政清洁等等服务的超级平台，出行、本地服务、移动支付， Go-Jek很像是印尼版的“滴滴+美团+支付宝”。</span></p><p style=\"margin-top: 10px; margin-bottom: 10px; padding: 0px; line-height: 30px; text-align: justify; color: rgb(85, 85, 85); font-family: &quot;Microsoft YaHei&quot;, Helvetica, Arial, sans-serif; white-space: normal; background-color: rgb(255, 255, 255);\"><span style=\"margin: 0px; padding: 0px; color: rgb(63, 63, 63);\">所以我们也有理由相信，除了印尼之外，在印度这块神奇的土地上或许也有机会成长出下一个摩的巨头Go-Jek。</span></p><h3 style=\"margin: 20px auto; padding: 0px 0px 0px 15px; font-size: 18px; color: rgb(33, 33, 33); line-height: 30px; border-left: 5px solid rgb(246, 118, 106); font-family: &quot;Microsoft YaHei&quot;, Helvetica, Arial, sans-serif; white-space: normal; background-color: rgb(255, 255, 255);\"><span style=\"margin: 0px; padding: 0px; color: rgb(63, 63, 63);\">2、涌入赛道</span></h3><p style=\"margin-top: 10px; margin-bottom: 10px; padding: 0px; line-height: 30px; text-align: justify; color: rgb(85, 85, 85); font-family: &quot;Microsoft YaHei&quot;, Helvetica, Arial, sans-serif; white-space: normal; background-color: rgb(255, 255, 255);\"><span style=\"margin: 0px; padding: 0px; color: rgb(63, 63, 63);\">对于针对摩托车领域创业的公司来说，市场有机会，当然供给端更不是问题。因此近些年来，印度本土市场涌现出一批摩托车创业公司，比如网约摩托车公司Rapido、共享电动摩托车公司Vogo，提供包括摩托车、滑板车、自行车等在内的共享出行公司Bounce，甚至还有依靠摩托车提供跑腿服务的Dunzo。</span></p><p><img src=\"http://ptmoolpfo.bkt.clouddn.com/e7fc4bbcc9411e37f10144166f3bb493.jpg\" title=\"e7fc4bbcc9411e37f10144166f3bb493.jpg\" alt=\"e7fc4bbcc9411e37f10144166f3bb493.jpg\"/></p><p style=\"margin-top: 10px; margin-bottom: 10px; padding: 0px; line-height: 30px; text-align: center; color: rgb(85, 85, 85); font-family: &quot;Microsoft YaHei&quot;, Helvetica, Arial, sans-serif; white-space: normal; background-color: rgb(255, 255, 255);\"><span style=\"margin: 0px; padding: 0px; color: rgb(63, 63, 63); font-size: 14px;\">Rapido骑手</span></p><p style=\"margin-top: 10px; margin-bottom: 10px; padding: 0px; line-height: 30px; text-align: justify; color: rgb(85, 85, 85); font-family: &quot;Microsoft YaHei&quot;, Helvetica, Arial, sans-serif; white-space: normal; background-color: rgb(255, 255, 255);\"><span style=\"margin: 0px; padding: 0px; color: rgb(63, 63, 63);\">先来说Rapido，这家公司创立于2015 年 11 月， 它的业务模式可以理解成“摩托版滴滴”，用户手机下单后就会有司机开着摩托车来载客。在印度针对最后一公里出行提供解决方案里，对用户来说要么太贵，要么太挤（低效），而Rapido切的是短途出行的腰部市场，为中等收入人群提供服务，客单价在0.65美元左右。</span></p><p style=\"margin-top: 10px; margin-bottom: 10px; padding: 0px; line-height: 30px; text-align: justify; color: rgb(85, 85, 85); font-family: &quot;Microsoft YaHei&quot;, Helvetica, Arial, sans-serif; white-space: normal; background-color: rgb(255, 255, 255);\"><span style=\"margin: 0px; padding: 0px; color: rgb(63, 63, 63);\">受印度当地的风俗法规影响，女性如果有出行需求是不会选择让一个陌生男性作为摩托车司机的，所以Rapido为此还招募了大批女性司机为其提供服务。</span></p><p style=\"margin-top: 10px; margin-bottom: 10px; padding: 0px; line-height: 30px; text-align: justify; color: rgb(85, 85, 85); font-family: &quot;Microsoft YaHei&quot;, Helvetica, Arial, sans-serif; white-space: normal; background-color: rgb(255, 255, 255);\"><span style=\"margin: 0px; padding: 0px; color: rgb(63, 63, 63);\">另一个问题是如何解决流量高峰和波谷的问题。</span></p><p style=\"margin-top: 10px; margin-bottom: 10px; padding: 0px; line-height: 30px; text-align: justify; color: rgb(85, 85, 85); font-family: &quot;Microsoft YaHei&quot;, Helvetica, Arial, sans-serif; white-space: normal; background-color: rgb(255, 255, 255);\"><span style=\"margin: 0px; padding: 0px; color: rgb(63, 63, 63);\">既然摩托车切中的是有短途出行需求的通勤人群，那么订单量则主要集中在早晚高峰，其他时间的出行需求则开始下降。而新的机会是，除了出行领域，印度的外卖市场也在快速发展，于是Rapido借势进入外卖配送领域，并和外卖平台Zomato和Swiggy达成合作。由于外卖高峰期和用车高峰期的时间刚好错开，于是Rapido在C端和B端的订单就可以互补，司机可以在上下班高峰期载客，中午和晚上送外卖，最终让平台的订单量维持在一个稳定水平。这样的思路依然可以延续到其他领域，比如Rapido还和杂货电商平台Bigbasket，物流公司Delhivery同样达成了合作，也为药店和当地的大卖场送货。</span></p><p style=\"margin-top: 10px; margin-bottom: 10px; padding: 0px; line-height: 30px; text-align: justify; color: rgb(85, 85, 85); font-family: &quot;Microsoft YaHei&quot;, Helvetica, Arial, sans-serif; white-space: normal; background-color: rgb(255, 255, 255);\"><span style=\"margin: 0px; padding: 0px; color: rgb(63, 63, 63);\">今年4月，Rapido 宣布完成了一笔 7.82 亿卢比（约合 1120 万美元）的 A 轮融资，在此之前Rapido已经完成了5轮融资，据称此次融资时Rapido就强调了自己的摩托车外送业务而不是传统的载客服务。</span></p><p style=\"margin-top: 10px; margin-bottom: 10px; padding: 0px; line-height: 30px; text-align: justify; color: rgb(85, 85, 85); font-family: &quot;Microsoft YaHei&quot;, Helvetica, Arial, sans-serif; white-space: normal; background-color: rgb(255, 255, 255);\"><span style=\"margin: 0px; padding: 0px; color: rgb(63, 63, 63);\">资金到位后Rapido将快速进行业务扩张，把现阶段的业务范围覆盖从班加罗尔、德里和海德拉巴拓展到25个城市。据称Rapido目前有 1 万名在职司机，每月订单量接近250 万份，并在去年五月收购了总部位于海德拉巴的网约摩托车竞争对手 Getbike，Rapido 希望在接下来的一年里，把业务扩展到全印度的100个城市。</span></p><p style=\"margin-top: 10px; margin-bottom: 10px; padding: 0px; line-height: 30px; text-align: justify; color: rgb(85, 85, 85); font-family: &quot;Microsoft YaHei&quot;, Helvetica, Arial, sans-serif; white-space: normal; background-color: rgb(255, 255, 255);\"><span style=\"margin: 0px; padding: 0px; color: rgb(63, 63, 63);\">另一家以摩托车业务为主的创业公司是Vogo，如果说Rapido是“摩托版滴滴”，那么Vogo可以称作“摩托版摩拜”，它的服务对象是每日通勤3-6公里的短途用户。Vogo在城市中会有固定的投放区域，每一辆摩托车都配有一个锁箱，用户在进入停车站点的时候就能收到秘钥自动解锁，Vogo也可以远程跟踪车辆并检查摩托车的状态。为了保证骑行安全，所有用户都必须在Vogo应用程序上传自己的驾驶执照副本，并且通过验证之后，才能使用电动摩托车，目前Vogo的收费是30 分钟内租金为 10印度卢比（约0.14美元）。</span></p><p style=\"margin-top: 10px; margin-bottom: 10px; padding: 0px; line-height: 30px; text-align: justify; color: rgb(85, 85, 85); font-family: &quot;Microsoft YaHei&quot;, Helvetica, Arial, sans-serif; white-space: normal; background-color: rgb(255, 255, 255);\"><span style=\"margin: 0px; padding: 0px; color: rgb(63, 63, 63);\">印度出行市场的战况和国内很像。去年12月，印度网约车巨头Ola向Vogo注资1亿美元，此前几个月Ola就曾参与到Vogo 8000万卢比（约合110万美元）的A轮融资中来。Ola投资Vogo大概和滴滴投资ofo是一个道理，此次投资之后，Vogo将和Ola的1.5亿注册用户实现无缝对接，用户在用Ola叫车的同时，还可以搜索附近是否有可用的Vogo电动摩托车，打车完成之后即可直接骑行,Vogo由此获得一个巨大的新增流量入口。</span></p><p style=\"margin-top: 10px; margin-bottom: 10px; padding: 0px; line-height: 30px; text-align: justify; color: rgb(85, 85, 85); font-family: &quot;Microsoft YaHei&quot;, Helvetica, Arial, sans-serif; white-space: normal; background-color: rgb(255, 255, 255);\"><span style=\"margin: 0px; padding: 0px; color: rgb(63, 63, 63);\">目前Vogo已经在班加罗尔、孟买、德里、加尔各答、金奈、斋浦尔、海得拉巴、斯利那加、瓜瓦奇、马纳利、雷赫和斋沙默尔等城市设置了超过200多个车辆接驳点。Vogo平台上摩托车的具体数量并没有披露，但据称其已经为40多万用户提供了接近2000多万公里的通勤服务。</span></p>','http://ptmoolpfo.bkt.clouddn.com/1561479354090.png','2019-06-25 16:17:24.263225','w3AMdmQ4pJk6KmMukYfMDJ',4),(4,'科学队长与优客工场达成战略合作，探索新教育，新场景，共建科学社区','新教育的赋能让全场景教育成为可能。','<p><span style=\"color: rgb(85, 85, 85); font-family: &quot;Microsoft YaHei&quot;, Helvetica, Arial, sans-serif; text-align: justify; background-color: rgb(255, 255, 255);\">6月20日，科学队长宣布与国内最大的共享办公平台优客工场，达成战略合作，</span><strong style=\"margin: 0px; padding: 0px; color: rgb(85, 85, 85); font-family: &quot;Microsoft YaHei&quot;, Helvetica, Arial, sans-serif; text-align: justify; white-space: normal; background-color: rgb(255, 255, 255);\">科学队长全面入住优客工场，并在社区空间、双方会员服务的方面展开合作，探索新教育，科学社区场景的构建。</strong><span style=\"color: rgb(85, 85, 85); font-family: &quot;Microsoft YaHei&quot;, Helvetica, Arial, sans-serif; text-align: justify; background-color: rgb(255, 255, 255);\">天文学家、北京天文馆馆长朱进，场景实验室创始人吴声，优客工场创始人、董事长毛大庆，科学队长创始人兼CEO纪中展出席了活动。</span></p><p></p><p style=\"margin-top: 10px; margin-bottom: 10px; padding: 0px; line-height: 30px; text-align: justify; color: rgb(85, 85, 85); font-family: &quot;Microsoft YaHei&quot;, Helvetica, Arial, sans-serif; white-space: normal; background-color: rgb(255, 255, 255);\"><span style=\"margin: 0px; padding: 0px;\">优客工场是一家全球大型共享办公空间服务平台，自2015年成立以来已在全球44座城市布局了200余个共享办公空间，全球会员超过数十万，涵盖高科技、生活消费、娱乐等多个产业。</span></p><p style=\"margin-top: 10px; margin-bottom: 10px; padding: 0px; line-height: 30px; text-align: justify; color: rgb(85, 85, 85); font-family: &quot;Microsoft YaHei&quot;, Helvetica, Arial, sans-serif; white-space: normal; background-color: rgb(255, 255, 255);\"><span style=\"margin: 0px; padding: 0px;\">科学队长作为中国新教育领域探索者，中国领先的科学教育平台，公司已完成5轮融资，获得包括新东方，好未来，真格，山水创投，衡庐资产等多家顶级投资机构的投资。</span></p><p><img src=\"http://ptmoolpfo.bkt.clouddn.com/152e6e2f5bce780b82fffd9438128184.png\" title=\"152e6e2f5bce780b82fffd9438128184.png\" alt=\"152e6e2f5bce780b82fffd9438128184.png\"/><span style=\"color: rgb(85, 85, 85); font-family: &quot;Microsoft YaHei&quot;, Helvetica, Arial, sans-serif; text-align: justify; background-color: rgb(255, 255, 255);\"><br/></span><br/></p><p style=\"margin-top: 10px; margin-bottom: 10px; padding: 0px; line-height: 30px; text-align: justify; color: rgb(85, 85, 85); font-family: &quot;Microsoft YaHei&quot;, Helvetica, Arial, sans-serif; white-space: normal; background-color: rgb(255, 255, 255);\"><span style=\"margin: 0px; padding: 0px;\">如何拓展科学教育的场景，天文学家朱进表示：国内的科普教育需求是巨大的，但是专业、优质的科普资源仍然是非常有限的，科学队长的创新，放大了科学家的科普价值，建立了科学家与教育家有机组合进行的科学教育的新模式，具有深远意义。</span></p><p style=\"margin-top: 10px; margin-bottom: 10px; padding: 0px; line-height: 30px; text-align: justify; color: rgb(85, 85, 85); font-family: &quot;Microsoft YaHei&quot;, Helvetica, Arial, sans-serif; white-space: normal; background-color: rgb(255, 255, 255);\"><span style=\"margin: 0px; padding: 0px;\">目前<strong style=\"margin: 0px; padding: 0px;\">科学队长由100多位科学家和1000多位专家系统参与其课程研发教学</strong>，涵盖生命科学、物质科学、宇宙与地球、工程与技术四大学科领域，<strong style=\"margin: 0px; padding: 0px;\">在北京、上海、广州、深圳、杭州、成都、武汉、厦门等12个城市布局了直营网点，付费学员已达30万。</strong></span></p><p style=\"margin-top: 10px; margin-bottom: 10px; padding: 0px; line-height: 30px; text-align: justify; color: rgb(85, 85, 85); font-family: &quot;Microsoft YaHei&quot;, Helvetica, Arial, sans-serif; white-space: normal; background-color: rgb(255, 255, 255);\"><span style=\"margin: 0px; padding: 0px;\">科学队长创始人兼CEO纪中展表示，好教育不贵，科学队长倡导的新教育理念，通过新教育创新，推动教育体系的重构。</span></p><p style=\"margin-top: 10px; margin-bottom: 10px; padding: 0px; line-height: 30px; text-align: justify; color: rgb(85, 85, 85); font-family: &quot;Microsoft YaHei&quot;, Helvetica, Arial, sans-serif; white-space: normal; background-color: rgb(255, 255, 255);\"><span style=\"margin: 0px; padding: 0px;\"><strong style=\"margin: 0px; padding: 0px;\">科学队长联合优客工场的探索是一种趋势。</strong>新教育的赋能让全场景教育成为可能，成为普惠教育场景化的新尝试。</span></p><p><img src=\"http://ptmoolpfo.bkt.clouddn.com/7f93931e7baab6579ebd34b926865b55.png\" title=\"7f93931e7baab6579ebd34b926865b55.png\" alt=\"7f93931e7baab6579ebd34b926865b55.png\"/></p><p><span style=\"margin: 0px; padding: 0px; color: rgb(85, 85, 85); font-family: &quot;Microsoft YaHei&quot;, Helvetica, Arial, sans-serif; text-align: justify; background-color: rgb(255, 255, 255);\">场景实验室创始人吴声认为，“我们希望看到在这样看上去风马牛不相及的业态里面，因为价值观的一种平衡和共识是如何产生化学反应，创造独立新I</span><span style=\"color: rgb(85, 85, 85); font-family: &quot;Microsoft YaHei&quot;, Helvetica, Arial, sans-serif; text-align: justify; background-color: rgb(255, 255, 255);\">P的一种可能性。推动社会管理的进步。优客工场是新领域中的一个成功的新物种，科学队长是新教育领域中的新物种、智趣生活的代表，双方的合作是场景探索的进化。”</span></p>','http://ptmoolpfo.bkt.clouddn.com/1561479510197.png','2019-06-25 16:20:31.082978','w3AMdmQ4pJk6KmMukYfMDJ',3),(5,'消费同比提振约300%，新国潮品牌如何圈住年轻人','热闹非凡的6·18，出彩的不仅是苹果、戴森等国际大牌，越来越多的国产品牌、老字号品牌同样备受追捧，引发“新国潮”现象。','<p style=\"margin-top: 10px; margin-bottom: 10px; padding: 0px; line-height: 30px; text-align: justify; color: rgb(85, 85, 85); font-family: &quot;Microsoft YaHei&quot;, Helvetica, Arial, sans-serif; white-space: normal; background-color: rgb(255, 255, 255);\"><span style=\"margin: 0px; padding: 0px; color: rgb(63, 63, 63);\">谁也没想到，热闹非凡的6·18，出彩的不仅是苹果、戴森等国际大牌，越来越多的国产品牌、老字号品牌同样备受追捧，引发“新国潮”现象。</span></p><p style=\"margin-top: 10px; margin-bottom: 10px; padding: 0px; line-height: 30px; text-align: justify; color: rgb(85, 85, 85); font-family: &quot;Microsoft YaHei&quot;, Helvetica, Arial, sans-serif; white-space: normal; background-color: rgb(255, 255, 255);\"><span style=\"margin: 0px; padding: 0px; color: rgb(63, 63, 63);\">有消息称，光明乳业、冠生园集团、回力鞋业、豫园珠宝、上海凤凰、美加净等多家品牌，在6·18期间携手推出了“上海老字号新电商计划”。在前12天中，这些老字号品牌销量同比增长超过320%。</span></p><p style=\"margin-top: 10px; margin-bottom: 10px; padding: 0px; line-height: 30px; text-align: justify; color: rgb(85, 85, 85); font-family: &quot;Microsoft YaHei&quot;, Helvetica, Arial, sans-serif; white-space: normal; background-color: rgb(255, 255, 255);\"><span style=\"margin: 0px; padding: 0px; color: rgb(63, 63, 63);\">新国潮势力正加速崛起。数据显示，近两年，我国潮牌市场规模的增速是普通品牌的3倍之多。那么，新国潮势力带来的市场增长到底呈现了怎样的态势？新国潮品牌需要怎样去抓住这一机遇？</span></p><h3 style=\"margin: 20px auto; padding: 0px 0px 0px 15px; font-size: 18px; color: rgb(33, 33, 33); line-height: 30px; border-left: 5px solid rgb(246, 118, 106); font-family: &quot;Microsoft YaHei&quot;, Helvetica, Arial, sans-serif; white-space: normal; background-color: rgb(255, 255, 255);\"><span style=\"margin: 0px; padding: 0px; font-size: 16px; color: rgb(63, 63, 63);\">新国潮正在加速崛起</span></h3><p style=\"margin-top: 10px; margin-bottom: 10px; padding: 0px; line-height: 30px; text-align: justify; color: rgb(85, 85, 85); font-family: &quot;Microsoft YaHei&quot;, Helvetica, Arial, sans-serif; white-space: normal; background-color: rgb(255, 255, 255);\"><span style=\"margin: 0px; padding: 0px; color: rgb(63, 63, 63);\">近几年来，新国潮品牌越加受到年轻一代消费者的青睐。到2017年，消费者对新国潮品牌的搜索量同比增长60%，其消费金额同比增长了260%。</span></p><h3 style=\"margin: 20px auto; padding: 0px 0px 0px 15px; font-size: 18px; color: rgb(33, 33, 33); line-height: 30px; border-left: 5px solid rgb(246, 118, 106); font-family: &quot;Microsoft YaHei&quot;, Helvetica, Arial, sans-serif; white-space: normal; background-color: rgb(255, 255, 255);\"><span style=\"margin: 0px; padding: 0px; font-size: 16px; color: rgb(63, 63, 63);\">新国潮崛起背后是主力消费人群的推动</span></h3><p style=\"margin-top: 10px; margin-bottom: 10px; padding: 0px; line-height: 30px; text-align: justify; color: rgb(85, 85, 85); font-family: &quot;Microsoft YaHei&quot;, Helvetica, Arial, sans-serif; white-space: normal; background-color: rgb(255, 255, 255);\"><span style=\"margin: 0px; padding: 0px; color: rgb(63, 63, 63);\">据第一财经商业数据中心（CBNData）《2017网络时尚消费趋势报告》显示，与以女性作为消费大军的传统时尚产业不同，潮牌的男装比例超过70%，而95后和00后已经成为拉动线上潮牌消费的主力群体。</span></p><p style=\"margin-top: 10px; margin-bottom: 10px; padding: 0px; line-height: 30px; text-align: justify; color: rgb(85, 85, 85); font-family: &quot;Microsoft YaHei&quot;, Helvetica, Arial, sans-serif; white-space: normal; background-color: rgb(255, 255, 255);\"><span style=\"margin: 0px; padding: 0px; color: rgb(63, 63, 63);\">而尼尔森调查结果与此也相近，数据显示，关注新国潮的用户集中在18-28岁，且有64%的用户为年轻男性用户。</span></p><p style=\"margin-top: 10px; margin-bottom: 10px; padding: 0px; line-height: 30px; text-align: justify; color: rgb(85, 85, 85); font-family: &quot;Microsoft YaHei&quot;, Helvetica, Arial, sans-serif; white-space: normal; background-color: rgb(255, 255, 255);\"><span style=\"margin: 0px; padding: 0px; color: rgb(63, 63, 63);\">要知道，这群年轻消费者已然成为中国新一代主力消费群体，他们在推动全行业消费升级，包括新国潮崛起。</span></p><h3 style=\"margin: 20px auto; padding: 0px 0px 0px 15px; font-size: 18px; color: rgb(33, 33, 33); line-height: 30px; border-left: 5px solid rgb(246, 118, 106); font-family: &quot;Microsoft YaHei&quot;, Helvetica, Arial, sans-serif; white-space: normal; background-color: rgb(255, 255, 255);\"><span style=\"margin: 0px; padding: 0px; font-size: 16px; color: rgb(63, 63, 63);\">新国潮品牌相较而言物美价廉</span></h3><p style=\"margin-top: 10px; margin-bottom: 10px; padding: 0px; line-height: 30px; text-align: justify; color: rgb(85, 85, 85); font-family: &quot;Microsoft YaHei&quot;, Helvetica, Arial, sans-serif; white-space: normal; background-color: rgb(255, 255, 255);\"><span style=\"margin: 0px; padding: 0px; color: rgb(63, 63, 63);\">经第一财经商业数据中心（CBNData）统计，年轻一代消费群体对国内外潮牌的评价关键词基本相似。也即是说，在使用新国潮品牌商品后，年轻消费群体认为其与流行数十年的国外潮牌差不多。</span></p><p style=\"margin-top: 10px; margin-bottom: 10px; padding: 0px; line-height: 30px; text-align: justify; color: rgb(85, 85, 85); font-family: &quot;Microsoft YaHei&quot;, Helvetica, Arial, sans-serif; white-space: normal; background-color: rgb(255, 255, 255);\"><span style=\"margin: 0px; padding: 0px; color: rgb(63, 63, 63);\">但就价格而言，国内潮牌各品类价格基本都低于国外潮牌商品。</span></p><p><br/></p>','http://ptmoolpfo.bkt.clouddn.com/1561479694892.list','2019-06-25 16:25:58.111899','w3AMdmQ4pJk6KmMukYfMDJ',3),(6,'子曰语文完成数千万元Pre-A轮融资，元璟资本领投','九合创投跟投，这是其完成的第三轮融资。子曰语文专注语文辅导，目前产品已完整覆盖小学阶段。','<p style=\"margin-top: 10px; margin-bottom: 10px; padding: 0px; line-height: 30px; text-align: justify; color: rgb(85, 85, 85); font-family: &quot;Microsoft YaHei&quot;, Helvetica, Arial, sans-serif; white-space: normal; background-color: rgb(255, 255, 255);\"><span style=\"margin: 0px; padding: 0px; color: rgb(63, 63, 63);\">子曰语文专注语文辅导，针对中小学阶段的学生提供语文学科在线直播课程及服务，目前产品已完整覆盖小学阶段。成立19个月以来，子曰语文一直保持着稳健扎实的运营和增长，截至目前正价课长期班学员已覆盖全国34个省230多个城市累计突破几千人，单月营收已突破百万元。</span></p><p style=\"margin-top: 10px; margin-bottom: 10px; padding: 0px; line-height: 30px; text-align: justify; color: rgb(85, 85, 85); font-family: &quot;Microsoft YaHei&quot;, Helvetica, Arial, sans-serif; white-space: normal; background-color: rgb(255, 255, 255);\"><span style=\"margin: 0px; padding: 0px; color: rgb(63, 63, 63);\">子曰语文能在较短的发展过程中获得多家资本方的青睐，在团队背景、产品模式及运营体系等方面拥有一下特色：</span></p><h3 style=\"margin: 20px auto; padding: 0px 0px 0px 15px; font-size: 18px; color: rgb(33, 33, 33); line-height: 30px; border-left: 5px solid rgb(246, 118, 106); font-family: &quot;Microsoft YaHei&quot;, Helvetica, Arial, sans-serif; white-space: normal; background-color: rgb(255, 255, 255);\"><span style=\"margin: 0px; padding: 0px; font-size: 16px; color: rgb(63, 63, 63);\">首创语文在线直播小班课&nbsp;“素养+应试”双提升</span></h3><p style=\"margin-top: 10px; margin-bottom: 10px; padding: 0px; line-height: 30px; text-align: justify; color: rgb(85, 85, 85); font-family: &quot;Microsoft YaHei&quot;, Helvetica, Arial, sans-serif; white-space: normal; background-color: rgb(255, 255, 255);\"><span style=\"margin: 0px; padding: 0px; color: rgb(63, 63, 63);\">在理念上，子曰语文既不同于传统的语文学科应试技巧培训，也区别于纯素养启蒙类的产品，而是用创新方式培养中小学阶段语文学科的核心素养和应考能力，追求“人文素养与应考能力的双提升”。</span></p><p style=\"margin-top: 10px; margin-bottom: 10px; padding: 0px; line-height: 30px; text-align: justify; color: rgb(85, 85, 85); font-family: &quot;Microsoft YaHei&quot;, Helvetica, Arial, sans-serif; white-space: normal; background-color: rgb(255, 255, 255);\"><span style=\"margin: 0px; padding: 0px; color: rgb(63, 63, 63);\">在产品体系上，子曰语文在国内首创语文学科的在线直播小班教学的产品服务体系，针对小学生的在线直播6~10人小班课堂。小班教学既能满足丰富多彩的课堂教学互动，又可以让老师能给到每一位学生更多的关注，保证每一位学员的课堂体验和学习训练效果。</span></p><p><img src=\"http://ptmoolpfo.bkt.clouddn.com/a2d247052895df54fe14c088bd2c2df5.png\" title=\"a2d247052895df54fe14c088bd2c2df5.png\" alt=\"a2d247052895df54fe14c088bd2c2df5.png\"/></p><p><span style=\"color: rgb(63, 63, 63); font-family: &quot;Microsoft YaHei&quot;, Helvetica, Arial, sans-serif; text-align: justify; background-color: rgb(255, 255, 255);\">今年三月，子曰语文对教学服务系统进行了升级，完善了课程体系和教学服务的各个环节，打造出了“7步教学闭环”，从新课预习、新课教授、课上练习，到课后总结、课后作业，再到阅读拓展和老师批改，环环相扣，覆盖了学习、消化、提升的整个过程，每个步骤的衔接更紧密，老师反馈更及时，在线学习的便利性也能够得到更大程度地发挥。</span></p><p><img src=\"http://ptmoolpfo.bkt.clouddn.com/ecd8be151e188cdb96e8ca011563f888.png\" title=\"ecd8be151e188cdb96e8ca011563f888.png\" alt=\"ecd8be151e188cdb96e8ca011563f888.png\"/></p><p style=\"margin-top: 10px; margin-bottom: 10px; padding: 0px; line-height: 30px; text-align: justify; color: rgb(85, 85, 85); font-family: &quot;Microsoft YaHei&quot;, Helvetica, Arial, sans-serif; white-space: normal; background-color: rgb(255, 255, 255);\"><span style=\"margin: 0px; padding: 0px; color: rgb(63, 63, 63);\">日前，子曰语文获得了中关村高新企业认证，与中关村互联网教育创新中心达成了良好的合作伙伴关系，并在今年的第五届北京国际儿童阅读大会上获得全国儿童阅读教育科技企业创新实践奖。</span></p><h3 style=\"margin: 20px auto; padding: 0px 0px 0px 15px; font-size: 18px; color: rgb(33, 33, 33); line-height: 30px; border-left: 5px solid rgb(246, 118, 106); font-family: &quot;Microsoft YaHei&quot;, Helvetica, Arial, sans-serif; white-space: normal; background-color: rgb(255, 255, 255);\"><span style=\"margin: 0px; padding: 0px; font-size: 16px; color: rgb(63, 63, 63);\">专业课程体系覆盖完整小学阶段，分年级梯度教学</span></h3><p style=\"margin-top: 10px; margin-bottom: 10px; padding: 0px; line-height: 30px; text-align: justify; color: rgb(85, 85, 85); font-family: &quot;Microsoft YaHei&quot;, Helvetica, Arial, sans-serif; white-space: normal; background-color: rgb(255, 255, 255);\"><span style=\"margin: 0px; padding: 0px; color: rgb(63, 63, 63);\">在升级教学系统的同时，子曰语文还推出了专业完整的课程体系，同步编版教材，分年级梯度教学，贯穿了从幼升小到六年级整个小学阶段的学习过程，对语文学科的培养目标进行了科学细分，把语文能力拆分成了识记、理解、思维、鉴赏、阅读、写作、情商等七大能力，通过听、说、读、写、绘、演、游戏七种参与式互动学习方式，逐步渗透进每个年级阶段的教学内容中。这一搭建在在线直播小班教学模式之上的课程体系，突破了传统的语文学习方式，绘画、表演和游戏等元素的加入，以及在培养写作阅读能力的同时也强化思维的训练、习惯的养成，这些都是新时代语文学科改革中，培养学科核心素养的一种创新尝试。</span></p><p><img src=\"http://ptmoolpfo.bkt.clouddn.com/814e9912d9699089ad56f19012364e47.png\" title=\"814e9912d9699089ad56f19012364e47.png\" alt=\"814e9912d9699089ad56f19012364e47.png\"/></p><p><span style=\"color: rgb(63, 63, 63); font-family: &quot;Microsoft YaHei&quot;, Helvetica, Arial, sans-serif; text-align: justify; background-color: rgb(255, 255, 255);\">此外，子曰语文还研发出了一系列微课，包括音频、视频、图文信息等丰富形式。内容上从积淀素养的传统文化知识，到指导家长进行家庭辅导的公开课，再到辅助学校学习的实用干货，都可以直接触达家长和学生的需求点，给家长和学生提供语文学科的丰富学习场景和产品，从而满足家长和学生在语文学科长期学习积累中的多样化需求。</span></p><p><span style=\"color: rgb(63, 63, 63); font-family: &quot;Microsoft YaHei&quot;, Helvetica, Arial, sans-serif; text-align: justify; background-color: rgb(255, 255, 255);\"><img src=\"http://ptmoolpfo.bkt.clouddn.com/11962eabf18ffc11b1d13d05232a64df.png\" title=\"11962eabf18ffc11b1d13d05232a64df.png\" alt=\"11962eabf18ffc11b1d13d05232a64df.png\" width=\"1031\" height=\"731\"/></span></p><p><span style=\"color: rgb(63, 63, 63); font-family: &quot;Microsoft YaHei&quot;, Helvetica, Arial, sans-serif; text-align: justify; background-color: rgb(255, 255, 255);\"></span></p><h3 style=\"margin: 20px auto; padding: 0px 0px 0px 15px; font-size: 18px; color: rgb(33, 33, 33); line-height: 30px; border-left: 5px solid rgb(246, 118, 106); font-family: &quot;Microsoft YaHei&quot;, Helvetica, Arial, sans-serif; white-space: normal; background-color: rgb(255, 255, 255);\"><span style=\"margin: 0px; padding: 0px; font-size: 16px; color: rgb(63, 63, 63);\">顺应市场需求 单月营收突破百万</span></h3><p style=\"margin-top: 10px; margin-bottom: 10px; padding: 0px; line-height: 30px; text-align: justify; color: rgb(85, 85, 85); font-family: &quot;Microsoft YaHei&quot;, Helvetica, Arial, sans-serif; white-space: normal; background-color: rgb(255, 255, 255);\"><span style=\"margin: 0px; padding: 0px; color: rgb(63, 63, 63);\">在子曰语文创始人及CEO涂炬看来，新高考改革对于语文学科核心素养的要求拔高，以及语文在升学考试中的权重急剧提升，是语文市场在全国范围内爆发的核心原因，也是未来十年语文学科成长为千亿级品类的强劲驱动力。子曰语文创办19个月来，也明显感到语文市场的逐步升温，从一线到四五线城市中家长们对语文辅导的付费意愿逐步增强和释放。</span></p><p style=\"margin-top: 10px; margin-bottom: 10px; padding: 0px; line-height: 30px; text-align: justify; color: rgb(85, 85, 85); font-family: &quot;Microsoft YaHei&quot;, Helvetica, Arial, sans-serif; white-space: normal; background-color: rgb(255, 255, 255);\"><span style=\"margin: 0px; padding: 0px; color: rgb(63, 63, 63);\">但相较于数学、英语等成熟品类来说，语文品类目前还处在发展的早期阶段。随着今年9月开学之后，部编本语文教材在所有中小学年级的全面统一，以及接下来几年新高考语文改革在全部省份的落地执行，语文市场才会真正完全爆发，取得更加快速以及更上规模的增长。但也可以观察到，传统教育企业已经陆续为此抢滩加码，各家公司都在不同的客群及需求定位上迭代产品及服务，助力语文市场的繁荣发展。</span></p><p><span style=\"color: rgb(63, 63, 63); font-family: &quot;Microsoft YaHei&quot;, Helvetica, Arial, sans-serif; text-align: justify; background-color: rgb(255, 255, 255);\"><br/></span><br/></p>','http://ptmoolpfo.bkt.clouddn.com/1561480007946.png','2019-06-25 16:32:34.689240','w3AMdmQ4pJk6KmMukYfMDJ',1),(7,'一年规模增长6倍，这家咖啡创业公司要做无人场景下的瑞幸','咖啡赛道是否到了爆发期？','<p><img src=\"http://ptmoolpfo.bkt.clouddn.com/073a5fc366734e326f8bc59d6935e092.jpg\" title=\"073a5fc366734e326f8bc59d6935e092.jpg\" alt=\"073a5fc366734e326f8bc59d6935e092.jpg\"/></p><section><p style=\"margin-top: 10px; margin-bottom: 10px; padding: 0px; line-height: 30px;\"><span style=\"margin: 0px; padding: 0px; font-family: sans-serif; letter-spacing: 0.544px;\">再次在友饮咖啡办公室见面，CEO张阳通过人脸识别为小饭桌记者点了一杯带碎冰的咖啡。据张阳介绍，友饮的咖啡机已经可以实现无感支付，而且有了制冰功能后友饮自助咖啡机实现了“夏季咖啡销售淡季不淡。”</span></p></section><p style=\"margin-top: 10px; margin-bottom: 10px; padding: 0px; line-height: 30px; text-align: justify; color: rgb(85, 85, 85); font-family: &quot;Microsoft YaHei&quot;, Helvetica, Arial, sans-serif; white-space: normal; background-color: rgb(255, 255, 255);\"><br/></p><p><section><section><section><p style=\"margin-top: 10px; margin-bottom: 10px; padding: 0px; line-height: 30px; text-align: justify;\"><span style=\"margin: 0px; padding: 0px;\">2017年11月小饭桌第一次采访友饮咖啡，在《</span><a href=\"http://mp.weixin.qq.com/s?__biz=MzA3OTMxMDUzOQ==&mid=2653779685&idx=1&sn=c93aaa8e18fafe96ffcd1bdecdef6839&chksm=846cad41b31b24573497dea4229300c84cfd9b8a781696820ff164de9e3cdeceee3b14a05e22&scene=21#wechat_redirect\" target=\"_blank\" style=\"margin: 0px; padding: 0px; color: rgb(45, 168, 255); line-height: 39px;\"><span style=\"margin: 0px; padding: 0px;\">都说无人咖啡机是炒作，他每两秒卖出1杯咖啡，月营收百万</span></a><span style=\"margin: 0px; padding: 0px;\">》中友饮咖啡（下文简称“友饮”）刚完成500台机器的投放，月流水刚过百万元。</span></p><p style=\"margin-top: 10px; margin-bottom: 10px; padding: 0px; line-height: 30px; text-align: justify;\"><span style=\"margin: 0px; padding: 0px;\">2018年初友饮咖啡获得了由华创资本领投的亿元人民币A轮融资，随即开始进一步的产品迭研和市场开拓。</span></p><p style=\"margin-top: 10px; margin-bottom: 10px; padding: 0px; line-height: 30px; text-align: justify;\"><span style=\"margin: 0px; padding: 0px;\">在产品迭代方面，友饮咖啡率先将传统流行的意式冲泡更新为新晋流行的滴滤冲泡，成为业内第一个将滴滤冲泡技术实现规模化应用的无人咖啡机品牌。</span></p><p style=\"margin-top: 10px; margin-bottom: 10px; padding: 0px; line-height: 30px; text-align: justify;\"><span style=\"margin: 0px; padding: 0px;\"><strong style=\"margin: 0px; padding: 0px;\">“滴滤冲泡对咖啡豆的烘焙程度更轻，能更多保留咖啡的原香物质，并且萃取工艺也更完善，咖啡口感更纯粹。因此滴滤冲泡深受主流精品咖啡店的推崇。”</strong>张阳向小饭桌阐释道友饮的产品方向选择。</span></p><p style=\"margin-top: 10px; margin-bottom: 10px; padding: 0px; line-height: 30px; text-align: justify;\"><span style=\"margin: 0px; padding: 0px;\">在市场开拓方面，张阳认为过去一年不仅是友饮取得了长足发展，整个咖啡产业都在快速增长，而这离不开瑞幸对市场教育所做的贡献。截至今年3月底，18个月大的瑞幸咖啡已在全国28座城市开设门店2000多家，用户数达1680万，并于5月17日在美国纳斯达克成功上市。</span></p><p style=\"margin-top: 10px; margin-bottom: 10px; padding: 0px; line-height: 30px; text-align: justify;\"><span style=\"margin: 0px; padding: 0px;\">在张阳看来，咖啡同时能满足用户多种需求，包括对功能饮料的提神需求、品牌文化的需求、社交的需求等。星巴克的成功在于品牌的积累，以及其“第三空间”满足的社交场景需求；而瑞幸的成功在于通过社交裂变、外卖等方式激活了大量潜在用户对咖啡的功能性需求，而后者才是咖啡最大的一块市场。</span></p><p style=\"margin-top: 10px; margin-bottom: 10px; padding: 0px; line-height: 30px; text-align: justify;\"><span style=\"margin: 0px; padding: 0px;\"><strong style=\"margin: 0px; padding: 0px;\">“咖啡还有哪些未被开发的需求场景，这是友饮正在全力探索的方向。”</strong>张阳对小饭桌分析道。</span></p><p style=\"margin-top: 10px; margin-bottom: 10px; padding: 0px; line-height: 30px; text-align: justify;\"><span style=\"margin: 0px; padding: 0px;\">据张阳介绍，截至目前友饮已经投放将近3000台无人咖啡机，相比2017年底小饭桌第一次采访时增长了6倍，单台机器的被使用频次增长了25%，2018年友饮咖啡全年营收突破3000万，与2017年相比增长了7倍。</span></p></section></section></section><section><section><section><section><h3 style=\"margin: 20px auto; padding: 0px 0px 0px 15px; font-size: 18px; color: rgb(33, 33, 33); line-height: 30px; border-left: 5px solid rgb(246, 118, 106); text-align: justify;\"><span style=\"margin: 0px; padding: 0px; font-size: 16px;\"><strong style=\"margin: 0px; padding: 0px;\">从“豆浆配油条”中找到灵感</strong></span></h3></section></section></section></section><section><section><section><p style=\"margin-top: 10px; margin-bottom: 10px; padding: 0px; line-height: 30px; text-align: justify;\"><span style=\"margin: 0px; padding: 0px;\">友饮团队创立之初并没有选址的经验，只是盲目在北京布了点位，结果只有20%—30%的点位实现了盈利。</span></p></section></section></section></p><p><img src=\"http://ptmoolpfo.bkt.clouddn.com/cd51733c82fe1d66dde754342e7f0c41.jpg\" title=\"cd51733c82fe1d66dde754342e7f0c41.jpg\" alt=\"cd51733c82fe1d66dde754342e7f0c41.jpg\" width=\"1021\" height=\"718\"/></p><section><section><section><p style=\"margin-top: 10px; margin-bottom: 10px; padding: 0px; line-height: 30px; text-align: center;\"><span style=\"margin: 0px; padding: 0px; text-align: justify;\">友饮咖啡创始人张阳</span></p><p style=\"margin-top: 10px; margin-bottom: 10px; padding: 0px; line-height: 30px; text-align: justify;\"><span style=\"margin: 0px; padding: 0px;\">张阳经过反复调研和对比，发现在办公场景、教育场景、医院和交通枢纽等大流量场景布点成功率最高，<strong style=\"margin: 0px; padding: 0px;\">经过点位优化最终才把布点成功率提高到了80%。</strong></span></p><p style=\"margin-top: 10px; margin-bottom: 10px; padding: 0px; line-height: 30px; text-align: justify;\"><span style=\"margin: 0px; padding: 0px;\">近一年张阳一直在思考新的渠道场景。“去年有一次早餐正在吃油条和豆浆，我突然想到咖啡完全可以作为配餐的饮品去推广，这在欧美是习以为常的生活习惯。如此一来我们就能直接进入一个巨大的潜在市场。”张阳兴奋地对小饭桌说道。</span></p><p style=\"margin-top: 10px; margin-bottom: 10px; padding: 0px; line-height: 30px; text-align: justify;\"><span style=\"margin: 0px; padding: 0px;\">美团联合餐饮经管自媒体“餐饮老板内参”共同发布的《中国餐饮报告2018》印证了张阳的想法。2017年美团点评搜索最高的类目关键词中，咖啡和奶茶上榜。并且2017年饮品这一细分品类迎来爆发，从主要品类的订单量以及订单金额的增长来看，饮品的同比增长均超过了200%。分析认为饮品的爆发源于生活方式餐饮的兴起，以现磨、鲜榨、现调为特征的饮品种类接替了速溶咖啡、瓶装果汁和碳酸饮料等快消品份额。</span></p><p style=\"margin-top: 10px; margin-bottom: 10px; padding: 0px; line-height: 30px; text-align: justify;\"><span style=\"margin: 0px; padding: 0px;\">生活方式餐饮的兴起，源于新一代消费者的崛起。从张阳分享的一组数据中可知，友饮咖啡的用户中90后占比70%，其中95后占比50%，00后占比20%。友饮团队线下走访过程中也发现无人咖啡机很受小学生欢迎。</span></p><p style=\"margin-top: 10px; margin-bottom: 10px; padding: 0px; line-height: 30px; text-align: justify;\"><span style=\"margin: 0px; padding: 0px;\">年轻人对咖啡的热衷还在张阳提到的一份研究报告中得到印证，腾讯2018年5月发布的《00后研究报告》中罗列了00后最喜爱的零食TOP.10，咖啡超越可乐成为NO.1。而中国00后、90后已超3亿人，随着未来消费主力军00后的崛起，未来“咖啡+轻简餐”的需求会进一步扩大。</span></p><p style=\"margin-top: 10px; margin-bottom: 10px; padding: 0px; line-height: 30px; text-align: justify;\"><span style=\"margin: 0px; padding: 0px;\">“并且在食堂等餐饮场景下，友饮无人咖啡机也不会轻易被外卖和大品牌替代。”张阳提到，食客吃早餐时想配咖啡一般不会大费周章点外卖或者去大品牌门店购买，而就近的友饮咖啡机可以用更便捷的方式和平民价格满足食客的需求。</span></p><p style=\"margin-top: 10px; margin-bottom: 10px; padding: 0px; line-height: 30px; text-align: justify;\"><span style=\"margin: 0px; padding: 0px;\"><strong style=\"margin: 0px; padding: 0px;\">友饮咖啡目前投放的餐饮场景有食堂、便利店、快餐店等</strong>，一般由友饮咖啡提供机器设备、后台的运营、云端数据，餐饮店负责提供场景，友饮咖啡只向合作方缴纳租金或者0租金前提下两方进行利润分成。</span></p><p style=\"margin-top: 10px; margin-bottom: 10px; padding: 0px; line-height: 30px; text-align: justify;\"><span style=\"margin: 0px; padding: 0px;\">餐饮场景的拓展，让友饮咖啡在服务C端的基础上，开始为B端赋能。在与盒马鲜生已有100台设备的合作中，友饮咖啡同盒马鲜生整个内部供应链、资金链和信息流适配，用户可以在盒马鲜生的APP中购买友饮咖啡。针对不同的餐饮场景，友饮咖啡还会做一些定制。</span></p><p style=\"margin-top: 10px; margin-bottom: 10px; padding: 0px; line-height: 30px; text-align: justify;\"><span style=\"margin: 0px; padding: 0px;\">据张阳介绍，友饮2019年会进一步拓展餐饮场景。<strong style=\"margin: 0px; padding: 0px;\">“友饮咖啡会把餐饮场景单独提炼出来实现标准化，去服务更多的B端”。</strong></span></p><p style=\"margin-top: 10px; margin-bottom: 10px; padding: 0px; line-height: 30px; text-align: justify;\"><span style=\"margin: 0px; padding: 0px;\">目前友饮咖啡在餐饮场景占比30%，办公场景占比保持在25%，教育场景为30%。</span></p><p style=\"margin-top: 10px; margin-bottom: 10px; padding: 0px; line-height: 30px; text-align: justify;\"><span style=\"margin: 0px; padding: 0px;\">截至目前，友饮已经投放了3000多台咖啡机，大多分布在30个主力城市，除北京等一线城市外，重点新一线城市和主流城市都有布局。</span></p><p style=\"margin-top: 10px; margin-bottom: 10px; padding: 0px; line-height: 30px; text-align: justify;\"><span style=\"margin: 0px; padding: 0px;\"><strong style=\"margin: 0px; padding: 0px;\">“每满足20台就可以开辟一个新市场”</strong>，张阳很重视供应链快速复制的能力，而这需要在一个区域内能产生集群效应。友饮咖啡目前储备了近5万个可拓展点位，到2019年底张阳保守估计友饮的点位数将拓展到5000-8000个。</span></p></section></section></section><p><section><section><section><section><section><h3 style=\"margin: 20px auto; padding: 0px 0px 0px 15px; font-size: 18px; color: rgb(33, 33, 33); line-height: 30px; border-left: 5px solid rgb(246, 118, 106); text-align: justify;\"><span style=\"margin: 0px; padding: 0px; font-size: 16px;\"><strong style=\"margin: 0px; padding: 0px;\">打磨“精品”、打造“爆款”</strong></span></h3></section></section></section></section></section><section><section><section><p style=\"margin-top: 10px; margin-bottom: 10px; padding: 0px; line-height: 30px; text-align: justify;\"><span style=\"margin: 0px; padding: 0px;\">在张阳看来，<strong style=\"margin: 0px; padding: 0px;\">要持续满足消费者变化的需求就要不断打磨产品。</strong></span></p><p style=\"margin-top: 10px; margin-bottom: 10px; padding: 0px; line-height: 30px; text-align: justify;\"><span style=\"margin: 0px; padding: 0px;\">“夏季如果无法提供带冰的咖啡和其它饮品，消费者根本没有消费欲望。”据张阳介绍，为了做出能自主制冰的无人咖啡机，友饮先后迭代了3个版本，换了5家供应商。</span></p></section></section></section></p><p><img src=\"http://ptmoolpfo.bkt.clouddn.com/f29085ffad61f83149d150ff1640d7aa.jpg\" title=\"f29085ffad61f83149d150ff1640d7aa.jpg\" alt=\"f29085ffad61f83149d150ff1640d7aa.jpg\" width=\"995\" height=\"805\"/></p><p style=\"margin-top: 10px; margin-bottom: 10px; padding: 0px; line-height: 30px; text-align: center; color: rgb(85, 85, 85); font-family: &quot;Microsoft YaHei&quot;, Helvetica, Arial, sans-serif; white-space: normal; background-color: rgb(255, 255, 255);\"><span style=\"margin: 0px; padding: 0px; font-size: 12px;\">友饮咖啡机首都机场点位实拍图</span></p><p style=\"margin-top: 10px; margin-bottom: 10px; padding: 0px; line-height: 30px; text-align: justify; color: rgb(85, 85, 85); font-family: &quot;Microsoft YaHei&quot;, Helvetica, Arial, sans-serif; white-space: normal; background-color: rgb(255, 255, 255);\"><span style=\"margin: 0px; padding: 0px;\">为了避免管道污染，张阳选择用机械手臂代替输送管道来承接咖啡的混合流程，此外还通过反复迭代杯子，将无人咖啡机的故障率从几十杯出一次故障降低到了5000杯才出一次故障。<br/></span></p><p style=\"margin-top: 10px; margin-bottom: 10px; padding: 0px; line-height: 30px; text-align: justify; color: rgb(85, 85, 85); font-family: &quot;Microsoft YaHei&quot;, Helvetica, Arial, sans-serif; white-space: normal; background-color: rgb(255, 255, 255);\"><span style=\"margin: 0px; padding: 0px;\">“自2018年初开始投放的近2500台无人咖啡机已全部更新为滴滤冲泡，友饮咖啡70%的增量由它们实现。”</span></p><p style=\"margin-top: 10px; margin-bottom: 10px; padding: 0px; line-height: 30px; text-align: justify; color: rgb(85, 85, 85); font-family: &quot;Microsoft YaHei&quot;, Helvetica, Arial, sans-serif; white-space: normal; background-color: rgb(255, 255, 255);\"><span style=\"margin: 0px; padding: 0px;\"><strong style=\"margin: 0px; padding: 0px;\">采用滴滤冲泡技术是基于张阳对未来趋势的判断</strong>，“意式冲泡和滴滤冲泡为现磨咖啡主要的两类冲泡方式。2000年前中国的五星级酒店采用意式冲泡，在精品咖啡店升级之后，包括星巴克在内95%以上为滴滤冲泡。”</span></p><p style=\"margin-top: 10px; margin-bottom: 10px; padding: 0px; line-height: 30px; text-align: justify; color: rgb(85, 85, 85); font-family: &quot;Microsoft YaHei&quot;, Helvetica, Arial, sans-serif; white-space: normal; background-color: rgb(255, 255, 255);\"><span style=\"margin: 0px; padding: 0px;\">滴滤冲泡与意式冲泡相比，更符合亚洲人的口感，张阳认为滴滤冲泡会成为未来的主流冲泡方式。</span></p><p style=\"margin-top: 10px; margin-bottom: 10px; padding: 0px; line-height: 30px; text-align: justify; color: rgb(85, 85, 85); font-family: &quot;Microsoft YaHei&quot;, Helvetica, Arial, sans-serif; white-space: normal; background-color: rgb(255, 255, 255);\"><span style=\"margin: 0px; padding: 0px;\">在咖啡供应链上，友饮咖啡目前已与亚洲顶级咖啡豆生产商开展深度定制合作。</span></p><p style=\"margin-top: 10px; margin-bottom: 10px; padding: 0px; line-height: 30px; text-align: justify; color: rgb(85, 85, 85); font-family: &quot;Microsoft YaHei&quot;, Helvetica, Arial, sans-serif; white-space: normal; background-color: rgb(255, 255, 255);\"><span style=\"margin: 0px; padding: 0px;\">在饮品迭研方面，友饮咖啡不仅打磨咖啡饮品，也研发爆款茶饮，刚上新的蜜桃乌龙在一星期内销量排到第二。<strong style=\"margin: 0px; padding: 0px;\">友饮咖啡目前的SKU咖啡占比60%，茶饮为40%，张阳希望友饮咖啡未来能被定义为具备精品咖啡能力的综合饮品服务商。</strong></span></p><p style=\"margin-top: 10px; margin-bottom: 10px; padding: 0px; line-height: 30px; text-align: justify; color: rgb(85, 85, 85); font-family: &quot;Microsoft YaHei&quot;, Helvetica, Arial, sans-serif; white-space: normal; background-color: rgb(255, 255, 255);\"><span style=\"margin: 0px; padding: 0px;\">同时友饮咖啡也注重用户的操作体验，针对90后、00后年轻一代，友饮咖啡探索线上小程序和人脸支付等新兴互联网玩法增强与用户的互动，咖啡机和杯子的外观设计也随年轻一代的审美演进。</span></p><p style=\"margin-top: 10px; margin-bottom: 10px; padding: 0px; line-height: 30px; text-align: justify; color: rgb(85, 85, 85); font-family: &quot;Microsoft YaHei&quot;, Helvetica, Arial, sans-serif; white-space: normal; background-color: rgb(255, 255, 255);\"><span style=\"margin: 0px; padding: 0px;\">在客单价方面，友饮咖啡目前稳定在10-12元，未来还会进行价格的下探。“在文化相似的日本，10-15元的咖啡才是主流，占到整体咖啡市场的80%以上”，张阳判断10元上下的咖啡会在中国市场成为主流。</span></p><p style=\"margin-top: 10px; margin-bottom: 10px; padding: 0px; line-height: 30px; text-align: justify; color: rgb(85, 85, 85); font-family: &quot;Microsoft YaHei&quot;, Helvetica, Arial, sans-serif; white-space: normal; background-color: rgb(255, 255, 255);\"><span style=\"margin: 0px; padding: 0px;\">截至目前，友饮咖啡单机单月销量最高五千杯，全部咖啡机的月销量流水平均在500万左右。</span></p><p><br/></p>','http://ptmoolpfo.bkt.clouddn.com/1561507995430.jpg','2019-06-26 00:15:57.870952','w3AMdmQ4pJk6KmMukYfMDJ',3),(8,'50余位AI领域顶级大咖齐聚“南京创新周”，2019中国人工智能峰会进入倒计时！','2019中国人工智能峰会进入倒计时，AI盛会即将开启。','<p style=\"margin-top: 10px; margin-bottom: 10px; padding: 0px; line-height: 30px; text-align: justify; color: rgb(85, 85, 85); font-family: &quot;Microsoft YaHei&quot;, Helvetica, Arial, sans-serif; white-space: normal; background-color: rgb(255, 255, 255);\"><span style=\"margin: 0px; padding: 0px; color: rgb(63, 63, 63);\">从2017年起，人工智能一直是国家战略、产业发展的重点，是推动经济结构转变，促进新兴产业集群，壮大数字经济，实现多模态发展的重要手段。在今年两会的政府工作报告中，总理特别提出，要拓展“智能+”，深化人工智能的研发应用。而在风云涌动的世界经济发展态势下，如何进一步加强“科技自立”，抓住战略机遇构建未来强生产力，既是时代命题亦是产业使命。</span></p><p style=\"margin-top: 10px; margin-bottom: 10px; padding: 0px; line-height: 30px; text-align: justify; color: rgb(85, 85, 85); font-family: &quot;Microsoft YaHei&quot;, Helvetica, Arial, sans-serif; white-space: normal; background-color: rgb(255, 255, 255);\"><span style=\"margin: 0px; padding: 0px; color: rgb(63, 63, 63);\">作为长三角人工智能建设领先城市，南京已然走在了“科技</span><a href=\"http://www.im2maker.com/tags/%e5%88%9b%e6%96%b0\" title=\"View all posts in 创新\" target=\"_blank\" style=\"margin: 0px; padding: 0px; color: rgb(63, 63, 63); line-height: 39px;\"><span style=\"margin: 0px; padding: 0px;\">创新</span></a><span style=\"margin: 0px; padding: 0px; color: rgb(63, 63, 63);\">”的前列，仅2018年就吸引了55名国内外院士来宁创新创业，包括知识产权PTC专利申请数量、新型研发机构签约量、新增高新技术企业数量等多项指标实现了大幅跃升。而作为南京“科技名片”的“中国人工智能峰会”，在2017-2018两届先后聚集了人工智能领域最重要的科学家、企业家如周志华、吴恩达、李开复等，集结学术、产业的力量，通过对人工智能技术创新、产业突破等议题的探讨，不断推动南京科技创新的发展。与此同时，“中国人工智能峰会”（CAIS）也成为了人工智能行业最重要的盛会之一。</span></p><p style=\"margin-top: 10px; margin-bottom: 10px; padding: 0px; line-height: 30px; text-align: justify; color: rgb(85, 85, 85); font-family: &quot;Microsoft YaHei&quot;, Helvetica, Arial, sans-serif; white-space: normal; background-color: rgb(255, 255, 255);\"><span style=\"margin: 0px; padding: 0px; color: rgb(63, 63, 63);\">今年，以“智能＋ 拥抱未来”为主题的2019中国人工智能峰会将在6月28日如约而至。本次峰会由中国人工智能产业发展联盟（AIIA）、中国信息</span><a href=\"http://www.im2maker.com/tags/%e9%80%9a%e4%bf%a1\" title=\"View all posts in 通信\" target=\"_blank\" style=\"margin: 0px; padding: 0px; color: rgb(63, 63, 63); line-height: 39px;\"><span style=\"margin: 0px; padding: 0px;\">通信</span></a><span style=\"margin: 0px; padding: 0px; color: rgb(63, 63, 63);\">研究院（CAICT）、南京市</span><a href=\"http://www.im2maker.com/tags/%e5%b7%a5%e4%b8%9a\" title=\"View all posts in 工业\" target=\"_blank\" style=\"margin: 0px; padding: 0px; color: rgb(63, 63, 63); line-height: 39px;\"><span style=\"margin: 0px; padding: 0px;\">工业</span></a><span style=\"margin: 0px; padding: 0px; color: rgb(63, 63, 63);\">和信息化局、南京市栖霞区人民政府、南京经济技术开发区管理委员会主办，南京新一代人工智能研究院、镁客网共同承办，国际计算机学会（ACM）、国际人工智能学会（AAAI）、</span><a href=\"http://www.im2maker.com/tags/%e5%88%9b%e6%96%b0%e5%b7%a5%e5%9c%ba\" title=\"View all posts in 创新工场\" target=\"_blank\" style=\"margin: 0px; padding: 0px; color: rgb(63, 63, 63); line-height: 39px;\"><span style=\"margin: 0px; padding: 0px;\">创新工场</span></a><span style=\"margin: 0px; padding: 0px; color: rgb(63, 63, 63);\">等一批知名的机构战略合作。峰会将汇聚50余位人工智能领域国际学术界、产业界著名领袖、3000余名专业观众参会，共同探讨中国人工智能的当下与未来。</span></p><p><br/></p>','http://ptmoolpfo.bkt.clouddn.com/1561508205795.list','2019-06-26 00:22:44.360236','w3AMdmQ4pJk6KmMukYfMDJ',2),(9,'早报：5G牌照将于今日发放；苏宁回应华为高管造访；何俊杰加盟百度任副总裁','科创板首批上会公司结果出炉，3家全部过会。','<p style=\"margin-top: 10px; margin-bottom: 10px; padding: 0px; line-height: 30px; text-align: justify; color: rgb(85, 85, 85); font-family: &quot;Microsoft YaHei&quot;, Helvetica, Arial, sans-serif; white-space: normal; background-color: rgb(255, 255, 255);\"><span style=\"margin: 0px; padding: 0px; color: rgb(63, 63, 63);\">各位桌友早上好呀，一文读懂昨夜今晨科技圈大小事，元气满满的一天从这份新闻早餐开始吧！</span></p><h2 style=\"margin: 20px auto; padding: 0px; font-size: 16px; color: rgb(255, 255, 255); text-align: center; height: 25px; width: 270px; border-radius: 18px; background: rgb(246, 118, 106); line-height: 25px; font-family: &quot;Microsoft YaHei&quot;, Helvetica, Arial, sans-serif; white-space: normal;\"><span style=\"margin: 0px; padding: 0px;\">热事件</span></h2><h3 style=\"margin: 20px auto; padding: 0px 0px 0px 15px; font-size: 18px; color: rgb(33, 33, 33); line-height: 30px; border-left: 5px solid rgb(246, 118, 106); font-family: &quot;Microsoft YaHei&quot;, Helvetica, Arial, sans-serif; white-space: normal; background-color: rgb(255, 255, 255);\"><span style=\"margin: 0px; padding: 0px; color: rgb(63, 63, 63); font-size: 16px;\">百度宣布何俊杰加盟百度任副总裁，负责战略投资</span></h3><p style=\"margin-top: 10px; margin-bottom: 10px; padding: 0px; line-height: 30px; text-align: justify; color: rgb(85, 85, 85); font-family: &quot;Microsoft YaHei&quot;, Helvetica, Arial, sans-serif; white-space: normal; background-color: rgb(255, 255, 255);\"><span style=\"margin: 0px; padding: 0px; color: rgb(63, 63, 63);\">6月5日消息，百度昨日发布内部信，宣布何俊杰加盟百度任副总裁，负责集团投资并购部、战略投资管理部。内部信中称，何俊杰于2007年本科毕业于北京大学光华管理学院，具有丰富的投资并购管理经验，曾历任中国国际金融股份有限公司投资银行部经理、美国华平投资集团投资董事、朗润投资管理合伙人等职务。何俊杰也是百度近期对外宣布的人事变动中，第一位从外部引进的高管。</span></p><p style=\"margin-top: 10px; margin-bottom: 10px; padding: 0px; line-height: 30px; text-align: justify; color: rgb(85, 85, 85); font-family: &quot;Microsoft YaHei&quot;, Helvetica, Arial, sans-serif; white-space: normal; background-color: rgb(255, 255, 255);\"><span style=\"margin: 0px; padding: 0px; color: rgb(63, 63, 63);\"></span></p><h3 style=\"margin: 20px auto; padding: 0px 0px 0px 15px; font-size: 18px; color: rgb(33, 33, 33); line-height: 30px; border-left: 5px solid rgb(246, 118, 106); font-family: &quot;Microsoft YaHei&quot;, Helvetica, Arial, sans-serif; white-space: normal; background-color: rgb(255, 255, 255);\"><span style=\"margin: 0px; padding: 0px; color: rgb(63, 63, 63); font-size: 16px;\">5G牌照将于今日发放，有运营商和终端厂商在为宣传做准备</span></h3><p style=\"margin-top: 10px; margin-bottom: 10px; padding: 0px; line-height: 30px; text-align: justify; color: rgb(85, 85, 85); font-family: &quot;Microsoft YaHei&quot;, Helvetica, Arial, sans-serif; white-space: normal; background-color: rgb(255, 255, 255);\"><span style=\"margin: 0px; padding: 0px; color: rgb(63, 63, 63);\">6月5日晚消息，人民日报官方推特账号发布中国将于6月6日发放5G商用牌照。有运营商已经在微博平台上购买广告，为5G牌照发放做宣传准备。同样也有终端和通信设备厂商在联系媒体，为此做准备。至于发放的是5G临时牌照，还是全网商用牌照，以及牌照数量，目前尚不能确定。根据4G时代的经验来看，或先发放5G试商用临时牌照。</span></p><p style=\"margin-top: 10px; margin-bottom: 10px; padding: 0px; line-height: 30px; text-align: justify; color: rgb(85, 85, 85); font-family: &quot;Microsoft YaHei&quot;, Helvetica, Arial, sans-serif; white-space: normal; background-color: rgb(255, 255, 255);\"><span style=\"margin: 0px; padding: 0px; color: rgb(63, 63, 63);\"></span></p><h3 style=\"margin: 20px auto; padding: 0px 0px 0px 15px; font-size: 18px; color: rgb(33, 33, 33); line-height: 30px; border-left: 5px solid rgb(246, 118, 106); font-family: &quot;Microsoft YaHei&quot;, Helvetica, Arial, sans-serif; white-space: normal; background-color: rgb(255, 255, 255);\"><span style=\"margin: 0px; padding: 0px; color: rgb(63, 63, 63); font-size: 16px;\">科创板首批上会公司结果出炉，3家全部过会</span></h3><p style=\"margin-top: 10px; margin-bottom: 10px; padding: 0px; line-height: 30px; text-align: justify; color: rgb(85, 85, 85); font-family: &quot;Microsoft YaHei&quot;, Helvetica, Arial, sans-serif; white-space: normal; background-color: rgb(255, 255, 255);\"><span style=\"margin: 0px; padding: 0px; color: rgb(63, 63, 63);\">6月5日下午，上交所召开科创板上市委2019年第一次审议会议，晚间，据上交所官网显示，三家上会企业微芯生物、安集科技、天准科技全部获得审核通过。</span></p><p><img src=\"http://ptmoolpfo.bkt.clouddn.com/45fd93643f66d859efa1cd0be4303faa.png\" title=\"45fd93643f66d859efa1cd0be4303faa.png\" alt=\"45fd93643f66d859efa1cd0be4303faa.png\"/></p><h3 style=\"margin: 20px auto; padding: 0px 0px 0px 15px; font-size: 18px; color: rgb(33, 33, 33); line-height: 30px; border-left: 5px solid rgb(246, 118, 106); font-family: &quot;Microsoft YaHei&quot;, Helvetica, Arial, sans-serif; white-space: normal; background-color: rgb(255, 255, 255);\"><span style=\"margin: 0px; padding: 0px; color: rgb(63, 63, 63); font-size: 16px;\">苏宁回应华为高管造访：确实在谈合作，包括电视</span></h3><p style=\"margin-top: 10px; margin-bottom: 10px; padding: 0px; line-height: 30px; text-align: justify; color: rgb(85, 85, 85); font-family: &quot;Microsoft YaHei&quot;, Helvetica, Arial, sans-serif; white-space: normal; background-color: rgb(255, 255, 255);\"><span style=\"margin: 0px; padding: 0px; color: rgb(63, 63, 63);\">6月5日消息，有媒体报道称，华为大中华区融合电商部部长陆生虎及智慧大屏产品一行团队现身南京苏宁总部。对于此事，苏宁易购回应称：“确有此事，双方正在谈一些合作，也包括电视，这两天会有确切的消息出来。”</span></p><h3 style=\"margin: 20px auto; padding: 0px 0px 0px 15px; font-size: 18px; color: rgb(33, 33, 33); line-height: 30px; border-left: 5px solid rgb(246, 118, 106); font-family: &quot;Microsoft YaHei&quot;, Helvetica, Arial, sans-serif; white-space: normal; background-color: rgb(255, 255, 255);\"><span style=\"margin: 0px; padding: 0px; color: rgb(63, 63, 63); font-size: 16px;\">美团打车“聚合模式”试点城市新增北京、福州、青岛等十城</span></h3><p style=\"margin-top: 10px; margin-bottom: 10px; padding: 0px; line-height: 30px; text-align: justify; color: rgb(85, 85, 85); font-family: &quot;Microsoft YaHei&quot;, Helvetica, Arial, sans-serif; white-space: normal; background-color: rgb(255, 255, 255);\"><span style=\"margin: 0px; padding: 0px; color: rgb(63, 63, 63);\">6月5日消息，美团打车试点新增十座城市，均以“聚合模式”展开。具体城市包括：青岛、无锡、太原、东莞、佛山、福州、厦门、北京、大连、哈尔滨。即日起，这些城市用户可以在美团App一键呼叫不同平台车辆，也可以在美团餐饮商家页面直接叫车。</span></p><h3 style=\"margin: 20px auto; padding: 0px 0px 0px 15px; font-size: 18px; color: rgb(33, 33, 33); line-height: 30px; border-left: 5px solid rgb(246, 118, 106); font-family: &quot;Microsoft YaHei&quot;, Helvetica, Arial, sans-serif; white-space: normal; background-color: rgb(255, 255, 255);\"><span style=\"margin: 0px; padding: 0px; color: rgb(63, 63, 63); font-size: 16px;\">珠海国资委人士回应厚朴联合财团接盘格力电器股权：先别轻信</span></h3><p style=\"margin-top: 10px; margin-bottom: 10px; padding: 0px; line-height: 30px; text-align: justify; color: rgb(85, 85, 85); font-family: &quot;Microsoft YaHei&quot;, Helvetica, Arial, sans-serif; white-space: normal; background-color: rgb(255, 255, 255);\"><span style=\"margin: 0px; padding: 0px; color: rgb(63, 63, 63);\">6月5日消息，对于厚朴投资“接盘”格力电器事宜，珠海国资委相关人士表示一概不知，确实不知道，“先不要轻易采信，等官方披露。关于股权转让的进展，第一时间会在格力电器的公告中披露”。上述珠海国资委人士表示，“相关的信息由我们统一的发言人对外沟通，我没有办法告诉你，因为我也不知情，知情我也不能告诉你。如果有最新的动态，我们会按照规定向社会公众披露，所以最好等官方的回应”。</span></p><h3 style=\"margin: 20px auto; padding: 0px 0px 0px 15px; font-size: 18px; color: rgb(33, 33, 33); line-height: 30px; border-left: 5px solid rgb(246, 118, 106); font-family: &quot;Microsoft YaHei&quot;, Helvetica, Arial, sans-serif; white-space: normal; background-color: rgb(255, 255, 255);\"><span style=\"margin: 0px; padding: 0px; color: rgb(63, 63, 63); font-size: 16px;\">华为否认手机减产：全球生产水平正常</span></h3><p style=\"margin-top: 10px; margin-bottom: 10px; padding: 0px; line-height: 30px; text-align: justify; color: rgb(85, 85, 85); font-family: &quot;Microsoft YaHei&quot;, Helvetica, Arial, sans-serif; white-space: normal; background-color: rgb(255, 255, 255);\"><span style=\"margin: 0px; padding: 0px; color: rgb(63, 63, 63);\">6月5日消息，据相关媒体报道称，富士康最近停止了华为手机的几条生产线，因为华为手机正降低手机产量，外界纷纷猜测可能是华为手机减产所致，不过官方回应称全球生产水平一切正常。据相关报道称，富士康削减了多款华为手机的订单，具体涉及的手机型号暂时没有公布，也不清楚目前暂时的产线是临时性的还是长期性的。华为没有立即否认这一报道，但它现在声称这报道是错误的。一位发言人说：“华为驳斥了这些说法。我们的全球生产水平是正常的，两个方向都没有明显的调整”。根据公开数据显示，华为已经超过苹果成为全球手机销量第二的厂商，距离三星第一的差距也在不断缩小。</span></p><h3 style=\"margin: 20px auto; padding: 0px 0px 0px 15px; font-size: 18px; color: rgb(33, 33, 33); line-height: 30px; border-left: 5px solid rgb(246, 118, 106); font-family: &quot;Microsoft YaHei&quot;, Helvetica, Arial, sans-serif; white-space: normal; background-color: rgb(255, 255, 255);\"><span style=\"margin: 0px; padding: 0px; color: rgb(63, 63, 63); font-size: 16px;\">阿里回应“张勇卸任阿里创投法人”：正常管理动作</span></h3><p style=\"margin-top: 10px; margin-bottom: 10px; padding: 0px; line-height: 30px; text-align: justify; color: rgb(85, 85, 85); font-family: &quot;Microsoft YaHei&quot;, Helvetica, Arial, sans-serif; white-space: normal; background-color: rgb(255, 255, 255);\"><span style=\"margin: 0px; padding: 0px; color: rgb(63, 63, 63);\">6月5日消息，企查查数据显示，杭州阿里创业投资有限公司于6月3日发生多项工商变更，张勇不再担任该公司法定代表人、董事长兼总经理，由戴珊接任。对此，阿里回应称，这是再正常不过的公司管理动作。</span></p><p><img src=\"http://ptmoolpfo.bkt.clouddn.com/7f52210db6a0fe00c94559b9d725e8f8.png\" title=\"7f52210db6a0fe00c94559b9d725e8f8.png\" alt=\"7f52210db6a0fe00c94559b9d725e8f8.png\"/></p><h3 style=\"margin: 20px auto; padding: 0px 0px 0px 15px; font-size: 18px; color: rgb(33, 33, 33); line-height: 30px; border-left: 5px solid rgb(246, 118, 106); font-family: &quot;Microsoft YaHei&quot;, Helvetica, Arial, sans-serif; white-space: normal; background-color: rgb(255, 255, 255);\"><span style=\"margin: 0px; padding: 0px; color: rgb(63, 63, 63); font-size: 16px;\">阿里巴巴成功连任W3C董事会成员</span></h3><p style=\"margin-top: 10px; margin-bottom: 10px; padding: 0px; line-height: 30px; text-align: justify; color: rgb(85, 85, 85); font-family: &quot;Microsoft YaHei&quot;, Helvetica, Arial, sans-serif; white-space: normal; background-color: rgb(255, 255, 255);\"><span style=\"margin: 0px; padding: 0px; color: rgb(63, 63, 63);\">6月5日消息，国际中立性技术标准机构W3C宣布，经过其全球顾问委员会代表投票，新一届W3C顾问委员会董事会选举结果揭晓，阿里巴巴再次连任成功。这是继2015、2017年连续两届当选W3C董事会成员之后，阿里巴巴再次连任成功。</span></p><h3 style=\"margin: 20px auto; padding: 0px 0px 0px 15px; font-size: 18px; color: rgb(33, 33, 33); line-height: 30px; border-left: 5px solid rgb(246, 118, 106); font-family: &quot;Microsoft YaHei&quot;, Helvetica, Arial, sans-serif; white-space: normal; background-color: rgb(255, 255, 255);\"><span style=\"margin: 0px; padding: 0px; color: rgb(63, 63, 63); font-size: 16px;\">微信部分功能出现短暂故障，目前已经全部修复</span></h3><p style=\"margin-top: 10px; margin-bottom: 10px; padding: 0px; line-height: 30px; text-align: justify; color: rgb(85, 85, 85); font-family: &quot;Microsoft YaHei&quot;, Helvetica, Arial, sans-serif; white-space: normal; background-color: rgb(255, 255, 255);\"><span style=\"margin: 0px; padding: 0px; color: rgb(63, 63, 63);\">6月5日消息，微信方面称，昨日下午微信部分功能出现短暂故障，微信登录、用户消息会话、公众号、小程序、外部链接等功能均受到不同程度的影响，影响时长约为5到20分钟，波及小部分用户。微信方面表示，目前，各项功能已经全部修复。</span></p><h3 style=\"margin: 20px auto; padding: 0px 0px 0px 15px; font-size: 18px; color: rgb(33, 33, 33); line-height: 30px; border-left: 5px solid rgb(246, 118, 106); font-family: &quot;Microsoft YaHei&quot;, Helvetica, Arial, sans-serif; white-space: normal; background-color: rgb(255, 255, 255);\"><span style=\"margin: 0px; padding: 0px; color: rgb(63, 63, 63); font-size: 16px;\">中国平安回应“回购陆金所股份”：公司没有任何重大收购计划</span></h3><p style=\"margin-top: 10px; margin-bottom: 10px; padding: 0px; line-height: 30px; text-align: justify; color: rgb(85, 85, 85); font-family: &quot;Microsoft YaHei&quot;, Helvetica, Arial, sans-serif; white-space: normal; background-color: rgb(255, 255, 255);\"><span style=\"margin: 0px; padding: 0px; color: rgb(63, 63, 63);\">6月5日消息，中国平安发言人回应消息，指公司没有任何重大收购计划，没有应披露而未披露的讯息。另有消息人士透露，市传“计划斥120亿美元回购陆金所股份，并正就计划与陆金所股东商讨，回购方案或涉及交换平保的A股及H股”的交易不会发生。</span></p><h2 style=\"margin: 20px auto; padding: 0px; font-size: 16px; color: rgb(255, 255, 255); text-align: center; height: 25px; width: 270px; border-radius: 18px; background: rgb(246, 118, 106); line-height: 25px; font-family: &quot;Microsoft YaHei&quot;, Helvetica, Arial, sans-serif; white-space: normal;\"><span style=\"margin: 0px; padding: 0px;\">“大”数据</span></h2><h3 style=\"margin: 20px auto; padding: 0px 0px 0px 15px; font-size: 18px; color: rgb(33, 33, 33); line-height: 30px; border-left: 5px solid rgb(246, 118, 106); font-family: &quot;Microsoft YaHei&quot;, Helvetica, Arial, sans-serif; white-space: normal; background-color: rgb(255, 255, 255);\"><span style=\"margin: 0px; padding: 0px; color: rgb(63, 63, 63); font-size: 16px;\">科大讯飞计划成立3.5亿美元基金，专门投资人工智能</span></h3><p style=\"margin-top: 10px; margin-bottom: 10px; padding: 0px; line-height: 30px; text-align: justify; color: rgb(85, 85, 85); font-family: &quot;Microsoft YaHei&quot;, Helvetica, Arial, sans-serif; white-space: normal; background-color: rgb(255, 255, 255);\"><span style=\"margin: 0px; padding: 0px; color: rgb(63, 63, 63);\">6月5日消息，据外媒报道，科大讯飞正寻求成立一只3亿至3.5亿美元的基金，专门投资人工智能初创企业，以加强其国内的生态系统建设。代表科大讯飞管理这只新基金的嘉信资本创始合伙人罗毅（Luo Yi）表示，该公司计划在全球筹集资金，希望在应用程序和硬件方面都进行投资。</span></p><h3 style=\"margin: 20px auto; padding: 0px 0px 0px 15px; font-size: 18px; color: rgb(33, 33, 33); line-height: 30px; border-left: 5px solid rgb(246, 118, 106); font-family: &quot;Microsoft YaHei&quot;, Helvetica, Arial, sans-serif; white-space: normal; background-color: rgb(255, 255, 255);\"><span style=\"margin: 0px; padding: 0px; color: rgb(63, 63, 63); font-size: 16px;\">创新工场完成25亿元募资，成立大湾区新总部</span></h3><p style=\"margin-top: 10px; margin-bottom: 10px; padding: 0px; line-height: 30px; text-align: justify; color: rgb(85, 85, 85); font-family: &quot;Microsoft YaHei&quot;, Helvetica, Arial, sans-serif; white-space: normal; background-color: rgb(255, 255, 255);\"><span style=\"margin: 0px; padding: 0px; color: rgb(63, 63, 63);\">6月5日消息，创新工场大湾区总部今日正式开业启动，集“产业投资+AI研究院+商业赋能落地”三个功能为一体。此外，创新工场也正式宣布第三期人民币基金募集完成。创新工场总裁陶宁称，创新工场第三期人民币基金规模25亿元，落户在广州，主要投资方向是人工智能、大数据、教育、消费升级、B2B 企业服务等。截至目前，创新工场管理的双币基金规模约150亿元人民币。</span></p><p><span style=\"margin: 0px; padding: 0px; color: rgb(63, 63, 63);\"><br/></span></p><p style=\"margin-top: 10px; margin-bottom: 10px; padding: 0px; line-height: 30px; text-align: justify; color: rgb(85, 85, 85); font-family: &quot;Microsoft YaHei&quot;, Helvetica, Arial, sans-serif; white-space: normal; background-color: rgb(255, 255, 255);\"><span style=\"margin: 0px; padding: 0px; color: rgb(63, 63, 63);\"></span></p><p><img src=\"http://ptmoolpfo.bkt.clouddn.com/6dff7906709915771f72275394cc2569.png\" title=\"6dff7906709915771f72275394cc2569.png\" alt=\"6dff7906709915771f72275394cc2569.png\" width=\"1896\" height=\"782\"/>&nbsp;</p><h3 style=\"margin: 20px auto; padding: 0px 0px 0px 15px; font-size: 18px; color: rgb(33, 33, 33); line-height: 30px; border-left: 5px solid rgb(246, 118, 106); font-family: &quot;Microsoft YaHei&quot;, Helvetica, Arial, sans-serif; white-space: normal; background-color: rgb(255, 255, 255);\"><span style=\"margin: 0px; padding: 0px; color: rgb(63, 63, 63); font-size: 16px;\">拼多多618大促订单量突破3亿笔，近七成来自下沉市场</span></h3><p style=\"margin-top: 10px; margin-bottom: 10px; padding: 0px; line-height: 30px; text-align: justify; color: rgb(85, 85, 85); font-family: &quot;Microsoft YaHei&quot;, Helvetica, Arial, sans-serif; white-space: normal; background-color: rgb(255, 255, 255);\"><span style=\"margin: 0px; padding: 0px; color: rgb(63, 63, 63);\">6月5日消息，拼多多公布618“百亿补贴”大促阶段性数据：截至6月5日上午11点，平台实物商品订单成交量已超过3亿笔，其中近七成来自三线及三线以下城市。自大促开启以来，累积订单量超过5笔的用户数已达1200万人。</span></p><p style=\"margin-top: 10px; margin-bottom: 10px; padding: 0px; line-height: 30px; text-align: justify; color: rgb(85, 85, 85); font-family: &quot;Microsoft YaHei&quot;, Helvetica, Arial, sans-serif; white-space: normal; background-color: rgb(255, 255, 255);\"><span style=\"margin: 0px; padding: 0px; color: rgb(63, 63, 63);\"></span></p><h3 style=\"margin: 20px auto; padding: 0px 0px 0px 15px; font-size: 18px; color: rgb(33, 33, 33); line-height: 30px; border-left: 5px solid rgb(246, 118, 106); font-family: &quot;Microsoft YaHei&quot;, Helvetica, Arial, sans-serif; white-space: normal; background-color: rgb(255, 255, 255);\"><span style=\"margin: 0px; padding: 0px; color: rgb(63, 63, 63); font-size: 16px;\">《2019中国私人财富报告》：2018年中国高净值人群规模达到197万人</span></h3><p style=\"margin-top: 10px; margin-bottom: 10px; padding: 0px; line-height: 30px; text-align: justify; color: rgb(85, 85, 85); font-family: &quot;Microsoft YaHei&quot;, Helvetica, Arial, sans-serif; white-space: normal; background-color: rgb(255, 255, 255);\"><span style=\"margin: 0px; padding: 0px; color: rgb(63, 63, 63);\">6月5日消息，贝恩公司和招商银行联合发布的《2019中国私人财富报告》显示，2018年，中国个人持有的可投资资产总体规模达190万亿元，2016-2018年均复合增长率为7%，预计到2019年底将突破200万亿大关。2018年末，中国的高净值人群（个人可投资资产1000万人民币以上）数量达到197万人，与2016年相比增加了约40万人。</span></p><h2 style=\"margin: 20px auto; padding: 0px; font-size: 16px; color: rgb(255, 255, 255); text-align: center; height: 25px; width: 270px; border-radius: 18px; background: rgb(246, 118, 106); line-height: 25px; font-family: &quot;Microsoft YaHei&quot;, Helvetica, Arial, sans-serif; white-space: normal;\"><span style=\"margin: 0px; padding: 0px;\">大佬说</span></h2><h3 style=\"margin: 20px auto; padding: 0px 0px 0px 15px; font-size: 18px; color: rgb(33, 33, 33); line-height: 30px; border-left: 5px solid rgb(246, 118, 106); font-family: &quot;Microsoft YaHei&quot;, Helvetica, Arial, sans-serif; white-space: normal; background-color: rgb(255, 255, 255);\"><span style=\"margin: 0px; padding: 0px; color: rgb(63, 63, 63); font-size: 16px;\"></span></h3><h3 style=\"margin: 20px auto; padding: 0px 0px 0px 15px; font-size: 18px; color: rgb(33, 33, 33); line-height: 30px; border-left: 5px solid rgb(246, 118, 106); font-family: &quot;Microsoft YaHei&quot;, Helvetica, Arial, sans-serif; white-space: normal; background-color: rgb(255, 255, 255);\"><span style=\"margin: 0px; padding: 0px; color: rgb(63, 63, 63); font-size: 16px;\">戴琨否认“优信是金融公司”：金融业务的本质是资本进行撬动业务规模</span></h3><p style=\"margin-top: 10px; margin-bottom: 10px; padding: 0px; line-height: 30px; text-align: justify; color: rgb(85, 85, 85); font-family: &quot;Microsoft YaHei&quot;, Helvetica, Arial, sans-serif; white-space: normal; background-color: rgb(255, 255, 255);\"><span style=\"margin: 0px; padding: 0px; color: rgb(63, 63, 63);\">6月5日消息，在被问到有观点认为优信的实质不是互联网二手车电商，而是一家金融公司时，优信集团创始人、董事长兼CEO戴琨表示：“以财务贡献来定义公司的视角本身是不对的。难不成游戏业务占营收多，就能说腾讯是游戏公司吗？金融业务的本质是资本进行撬动业务规模，金融很赚钱，但金融赚的钱去弥补业务上的亏损。”戴琨称，在中国，做汽车交易的电商平台金融业务都很大。</span></p><h3 style=\"margin: 20px auto; padding: 0px 0px 0px 15px; font-size: 18px; color: rgb(33, 33, 33); line-height: 30px; border-left: 5px solid rgb(246, 118, 106); font-family: &quot;Microsoft YaHei&quot;, Helvetica, Arial, sans-serif; white-space: normal; background-color: rgb(255, 255, 255);\"><span style=\"margin: 0px; padding: 0px; color: rgb(63, 63, 63); font-size: 16px;\">罗永浩：电子烟可替代传统烟草，不是烟民不要抽</span></h3><p style=\"margin-top: 10px; margin-bottom: 10px; padding: 0px; line-height: 30px; text-align: justify; color: rgb(85, 85, 85); font-family: &quot;Microsoft YaHei&quot;, Helvetica, Arial, sans-serif; white-space: normal; background-color: rgb(255, 255, 255);\"><span style=\"margin: 0px; padding: 0px; color: rgb(63, 63, 63);\">6月5日消息，锤子科技CEO罗永浩在回复网友时表示，“雾化电子烟是替代型减害产品，含有尼古丁，可以替代传统烟草，消灭传统烟草的大部分危害，但不能用于戒烟瘾（这里的烟瘾指尼古丁导致的成瘾性）。”罗永浩称，抽电子烟也会上瘾，如果不是烟民不要抽。</span></p><p><img src=\"http://ptmoolpfo.bkt.clouddn.com/157e36e71107cfd21c074d288a96607f.png\" title=\"157e36e71107cfd21c074d288a96607f.png\" alt=\"157e36e71107cfd21c074d288a96607f.png\"/></p><h2 style=\"margin: 20px auto; padding: 0px; font-size: 16px; color: rgb(255, 255, 255); text-align: center; height: 25px; width: 270px; border-radius: 18px; background: rgb(246, 118, 106); line-height: 25px; font-family: &quot;Microsoft YaHei&quot;, Helvetica, Arial, sans-serif; white-space: normal;\"><span style=\"margin: 0px; padding: 0px;\">国内融资消息</span></h2><p style=\"margin-top: 10px; margin-bottom: 10px; padding: 0px; line-height: 30px; text-align: justify; color: rgb(85, 85, 85); font-family: &quot;Microsoft YaHei&quot;, Helvetica, Arial, sans-serif; white-space: normal; background-color: rgb(255, 255, 255);\"><span style=\"margin: 0px; padding: 0px;\"><strong style=\"margin: 0px; padding: 0px;\"><span style=\"margin: 0px; padding: 0px; color: rgb(63, 63, 63);\">1.岸迈生物获7400万美元B轮融资，由国投创新和夏尔巴资本共同领投，包括中南创投等其它投资机构及A轮投资者跟投。</span></strong><span style=\"margin: 0px; padding: 0px; color: rgb(63, 63, 63);\">岸迈生物是一家创新型国际化生物技术企业，日后将多个研发管线上针对肿瘤免疫以及其它临床上高度未满足需求的产品推进向临床阶段。此外，岸迈生物将完成其位于苏州的工艺开发及中试生产基地以延伸其产业化能力。</span></span></p><p style=\"margin-top: 10px; margin-bottom: 10px; padding: 0px; line-height: 30px; text-align: justify; color: rgb(85, 85, 85); font-family: &quot;Microsoft YaHei&quot;, Helvetica, Arial, sans-serif; white-space: normal; background-color: rgb(255, 255, 255);\"><span style=\"margin: 0px; padding: 0px;\"><strong style=\"margin: 0px; padding: 0px;\"><span style=\"margin: 0px; padding: 0px; color: rgb(63, 63, 63);\">2. 卓力能ALD将获1亿元人民币战略融资，投资方为维科技术。</span></strong><span style=\"margin: 0px; padding: 0px; color: rgb(63, 63, 63);\">卓力能ALD是一家电子烟生产销售商，成立于2009年，总部位于中国深圳，主要从事电子烟、电子烟烟斗、电子烟雪茄等产品的研发、生产、销售及服务，同时为其他企业提供OEM服务，且在欧洲、亚洲、北美洲及非洲等区域均有OEM合作商。</span></span></p><p style=\"margin-top: 10px; margin-bottom: 10px; padding: 0px; line-height: 30px; text-align: justify; color: rgb(85, 85, 85); font-family: &quot;Microsoft YaHei&quot;, Helvetica, Arial, sans-serif; white-space: normal; background-color: rgb(255, 255, 255);\"><span style=\"margin: 0px; padding: 0px;\"><strong style=\"margin: 0px; padding: 0px;\"><span style=\"margin: 0px; padding: 0px; color: rgb(63, 63, 63);\">3. 奈尔宝获1亿元人民币B轮独家融资，投资方为CMC资本（CMC Capital）。</span></strong><span style=\"margin: 0px; padding: 0px; color: rgb(63, 63, 63);\">奈尔宝是一家高端亲子玩乐平台提供商，构建线下实体亲子玩乐店，专为0-10岁儿童提供体验式玩乐游戏空间，提供儿童娱乐设施、并开设专业图书课程、举办儿童主题活动等。</span></span></p><p style=\"margin-top: 10px; margin-bottom: 10px; padding: 0px; line-height: 30px; text-align: justify; color: rgb(85, 85, 85); font-family: &quot;Microsoft YaHei&quot;, Helvetica, Arial, sans-serif; white-space: normal; background-color: rgb(255, 255, 255);\"><span style=\"margin: 0px; padding: 0px;\"><strong style=\"margin: 0px; padding: 0px;\"><span style=\"margin: 0px; padding: 0px; color: rgb(63, 63, 63);\">4. 国星宇航获近亿元人民币A轮融资，由万科领投，合兴基金、成都技术转移集团、成都弘宇等跟投。</span></strong><span style=\"margin: 0px; padding: 0px; color: rgb(63, 63, 63);\">国星宇航是一家商业卫星运营与遥感数据服务的军民融合企业，拥有天府军融一号（TFJR-1）与成都高新一号（CDGX-1）两颗型号为virgo-1的AI立方星试验载荷，在火箭进入亚轨道后，旗下的AI处理系统可以完成相关数据回传及技术验证。</span></span></p><p style=\"margin-top: 10px; margin-bottom: 10px; padding: 0px; line-height: 30px; text-align: justify; color: rgb(85, 85, 85); font-family: &quot;Microsoft YaHei&quot;, Helvetica, Arial, sans-serif; white-space: normal; background-color: rgb(255, 255, 255);\"><span style=\"margin: 0px; padding: 0px;\"><strong style=\"margin: 0px; padding: 0px;\"><span style=\"margin: 0px; padding: 0px; color: rgb(63, 63, 63);\">5. TAKI喜克电子烟获5500万元人民币A轮融资，投资方未透露。</span></strong><span style=\"margin: 0px; padding: 0px; color: rgb(63, 63, 63);\">TAKI喜克是一家电子烟品牌，产品有即用即抛型雾化器、一体式雾化器。</span></span></p><p style=\"margin-top: 10px; margin-bottom: 10px; padding: 0px; line-height: 30px; text-align: justify; color: rgb(85, 85, 85); font-family: &quot;Microsoft YaHei&quot;, Helvetica, Arial, sans-serif; white-space: normal; background-color: rgb(255, 255, 255);\"><span style=\"margin: 0px; padding: 0px;\"><strong style=\"margin: 0px; padding: 0px;\"><span style=\"margin: 0px; padding: 0px; color: rgb(63, 63, 63);\">6. Hubox获5千万元人民币战略投资，投资方为益科正润集团。</span></strong><span style=\"margin: 0px; padding: 0px; color: rgb(63, 63, 63);\">Hubox是一家专业的区块链金融科技公司，致力从用户角度出发，运用大数据、人工智能等金融科技的手段，为用户提供加密货币的资讯、行情、分析、资产管理与财富增值服务。</span></span></p><p style=\"margin-top: 10px; margin-bottom: 10px; padding: 0px; line-height: 30px; text-align: justify; color: rgb(85, 85, 85); font-family: &quot;Microsoft YaHei&quot;, Helvetica, Arial, sans-serif; white-space: normal; background-color: rgb(255, 255, 255);\"><span style=\"margin: 0px; padding: 0px;\"><strong style=\"margin: 0px; padding: 0px;\"><span style=\"margin: 0px; padding: 0px; color: rgb(63, 63, 63);\">7. 百家云获数千万元人民币A+轮融资，投资方为邦盛资本和贵阳创投。</span></strong><span style=\"margin: 0px; padding: 0px; color: rgb(63, 63, 63);\">百家云是一个专注教培行业的互动视频直播平台，同时面向其他行业提供稳定可靠的互动教学、网络培训、视频会议等平台服务满足大型公开课、1对1教学、网页/微信直播、APP直播等场景化需求。</span></span></p><p style=\"margin-top: 10px; margin-bottom: 10px; padding: 0px; line-height: 30px; text-align: justify; color: rgb(85, 85, 85); font-family: &quot;Microsoft YaHei&quot;, Helvetica, Arial, sans-serif; white-space: normal; background-color: rgb(255, 255, 255);\"><span style=\"margin: 0px; padding: 0px;\"><strong style=\"margin: 0px; padding: 0px;\"><span style=\"margin: 0px; padding: 0px; color: rgb(63, 63, 63);\">8. 珑璟光电获数千万A轮融资，本轮融资由源星资本领投，金复资本及君盛资本跟投。</span></strong><span style=\"margin: 0px; padding: 0px; color: rgb(63, 63, 63);\">珑璟光电是一家集技术研发、产品开发、专业化生产、市场拓展及推广应用的高科技光电技术公司，公司致力于虚拟显示类光学光电子器件的开发与制造。</span></span></p><p style=\"margin-top: 10px; margin-bottom: 10px; padding: 0px; line-height: 30px; text-align: justify; color: rgb(85, 85, 85); font-family: &quot;Microsoft YaHei&quot;, Helvetica, Arial, sans-serif; white-space: normal; background-color: rgb(255, 255, 255);\"><span style=\"margin: 0px; padding: 0px;\"><strong style=\"margin: 0px; padding: 0px;\"><span style=\"margin: 0px; padding: 0px; color: rgb(63, 63, 63);\">9. 红山信息科技研究院获数千万元人民币天使轮融资，并在现场举行签约仪式，由君联资本领投。</span></strong><span style=\"margin: 0px; padding: 0px; color: rgb(63, 63, 63);\">红山信息科技研究院是一家5G技术研发企业，专注于以5G为代表的新一代信息技术领域的关键技术研发和产业化。</span></span></p><p style=\"margin-top: 10px; margin-bottom: 10px; padding: 0px; line-height: 30px; text-align: justify; color: rgb(85, 85, 85); font-family: &quot;Microsoft YaHei&quot;, Helvetica, Arial, sans-serif; white-space: normal; background-color: rgb(255, 255, 255);\"><span style=\"margin: 0px; padding: 0px;\"><strong style=\"margin: 0px; padding: 0px;\"><span style=\"margin: 0px; padding: 0px; color: rgb(63, 63, 63);\">10. 中科昊音获近千万元人民币天使轮融资，领投方为临芯投资。</span></strong><span style=\"margin: 0px; padding: 0px; color: rgb(63, 63, 63);\">中科昊音是一家声纹AI解决方案提供商，中科昊音自主研发了Cmfmc2.0信道和格式转换引擎等多项核心技术，可以使声纹识别技术可以迅速落地应用，是识别引擎连接各种应用场景的重要纽带。</span></span></p><p style=\"margin-top: 10px; margin-bottom: 10px; padding: 0px; line-height: 30px; text-align: justify; color: rgb(85, 85, 85); font-family: &quot;Microsoft YaHei&quot;, Helvetica, Arial, sans-serif; white-space: normal; background-color: rgb(255, 255, 255);\"><span style=\"margin: 0px; padding: 0px;\"><strong style=\"margin: 0px; padding: 0px;\"><span style=\"margin: 0px; padding: 0px; color: rgb(63, 63, 63);\">11.&nbsp; VCCT汽车链获战略投资，投资方为国兴资本，融资金额未透露，此外通过二级市场陆续买入，现金增资500万。V</span></strong><span style=\"margin: 0px; padding: 0px; color: rgb(63, 63, 63);\">CCT汽车链是一个基于基于区块链技术的汽车数据服务平台，VCCT以数据为基础，通过车辆生产数据、初始购买凭证、用户消费数据、车辆消耗数据、行驶行为数据、车辆残值数据等维度，完成汽车产业数据兼顾全面性、多样性、安全性、真实性、有效性地上链及管理，为汽车产业赋能。</span></span></p><p><br/></p>','http://ptmoolpfo.bkt.clouddn.com/1561646540740.list','2019-06-27 14:46:45.298358','w3AMdmQ4pJk6KmMukYfMDJ',3),(10,'OYO距离成为世界最大的连锁酒店还有多远？','一边流血一边狂奔','<p><img src=\"http://ptmoolpfo.bkt.clouddn.com/b4df99befcf0ecdf9f4ce51d309ee7f6.png\" title=\"b4df99befcf0ecdf9f4ce51d309ee7f6.png\" alt=\"b4df99befcf0ecdf9f4ce51d309ee7f6.png\"/></p><p style=\"margin-top: 10px; margin-bottom: 10px; padding: 0px; line-height: 30px; text-align: justify; color: rgb(85, 85, 85); font-family: &quot;Microsoft YaHei&quot;, Helvetica, Arial, sans-serif; white-space: normal; background-color: rgb(255, 255, 255);\"><span style=\"margin: 0px; padding: 0px; color: rgb(63, 63, 63);\">尽管一直在亏损，但是OYO依然没有隐藏自己想要成为全球最大连锁酒店的野心。</span></p><p style=\"margin-top: 10px; margin-bottom: 10px; padding: 0px; line-height: 30px; text-align: justify; color: rgb(85, 85, 85); font-family: &quot;Microsoft YaHei&quot;, Helvetica, Arial, sans-serif; white-space: normal; background-color: rgb(255, 255, 255);\"><span style=\"margin: 0px; padding: 0px; color: rgb(63, 63, 63);\">2013年，年仅20岁的RiteshAgarwal创立OYO，用6年的时间将其打造成印度最受瞩目的明星独角兽创业公司。</span></p><p style=\"margin-top: 10px; margin-bottom: 10px; padding: 0px; line-height: 30px; text-align: justify; color: rgb(85, 85, 85); font-family: &quot;Microsoft YaHei&quot;, Helvetica, Arial, sans-serif; white-space: normal; background-color: rgb(255, 255, 255);\"><span style=\"margin: 0px; padding: 0px; color: rgb(63, 63, 63);\">相较于传统连锁型酒店需要收取加盟费、保证金、PMS系统费和店员培训费，OYO的模式是费用全免，只收取酒店营业额的3-5%作为管理费，并且酒店房间只要超过30间即可。</span></p><p style=\"margin-top: 10px; margin-bottom: 10px; padding: 0px; line-height: 30px; text-align: justify; color: rgb(85, 85, 85); font-family: &quot;Microsoft YaHei&quot;, Helvetica, Arial, sans-serif; white-space: normal; background-color: rgb(255, 255, 255);\"><span style=\"margin: 0px; padding: 0px; color: rgb(63, 63, 63);\">这样的模式下，外界将OYO定义成一家经济型连锁酒店品牌或者OTA,甚至因其看起来并不可持续的商业模式被认为是一场不折不扣的庞氏骗局。</span></p><p style=\"margin-top: 10px; margin-bottom: 10px; padding: 0px; line-height: 30px; text-align: justify; color: rgb(85, 85, 85); font-family: &quot;Microsoft YaHei&quot;, Helvetica, Arial, sans-serif; white-space: normal; background-color: rgb(255, 255, 255);\"><span style=\"margin: 0px; padding: 0px; color: rgb(63, 63, 63);\">在质疑声中，OYO如今已经成为印度最大的连锁酒店，在印度本土拥有17.3万间客房。同时在世界范围内，OYO也已经将版图扩张到中国、马来西亚、尼泊尔、印度尼西亚、阿联酋、菲律宾、英国等10个国家的500多座城市，通过特许经营（酒店业主使用OYO的品牌和管理系统，但控制着酒店日常运营的人、财、物）和租赁模式（经济型酒店的直营模式）管理着1.8万家酒店的超过50万间客房，成为世界第8大连锁酒店。</span></p><p style=\"margin-top: 10px; margin-bottom: 10px; padding: 0px; line-height: 30px; text-align: justify; color: rgb(85, 85, 85); font-family: &quot;Microsoft YaHei&quot;, Helvetica, Arial, sans-serif; white-space: normal; background-color: rgb(255, 255, 255);\"><span style=\"margin: 0px; padding: 0px; color: rgb(63, 63, 63);\">资本也在加速推动这头年轻的独角兽一路狂奔。OYO的投资方中不乏日本软银、红杉资本、光速创投、滴滴、华住、Airbnb等巨头的身影。截止到目前，OYO累计融资金额超过17亿美金，估值超过50亿美元。</span></p><p><img src=\"http://ptmoolpfo.bkt.clouddn.com/dd72cfc4ccd2ecea2348afd134c12f53.jpg\" title=\"dd72cfc4ccd2ecea2348afd134c12f53.jpg\" alt=\"dd72cfc4ccd2ecea2348afd134c12f53.jpg\"/></p><p style=\"margin-top: 10px; margin-bottom: 10px; padding: 0px; line-height: 30px; text-align: center; color: rgb(85, 85, 85); font-family: &quot;Microsoft YaHei&quot;, Helvetica, Arial, sans-serif; white-space: normal; background-color: rgb(255, 255, 255);\"><span style=\"margin: 0px; padding: 0px; color: rgb(63, 63, 63); font-size: 14px;\">OYO创始人兼CEO Ritesh Agarwal</span></p><p style=\"margin-top: 10px; margin-bottom: 10px; padding: 0px; line-height: 30px; text-align: justify; color: rgb(85, 85, 85); font-family: &quot;Microsoft YaHei&quot;, Helvetica, Arial, sans-serif; white-space: normal; background-color: rgb(255, 255, 255);\"><span style=\"margin: 0px; padding: 0px; color: rgb(63, 63, 63);\">资本的支持让OYO的野心显露出来。去年12月，OYO创始人兼CEO Ritesh Agarwal宣称，OYO有望在2023年成为全球第一大连锁酒店品牌。</span></p><p style=\"margin-top: 10px; margin-bottom: 10px; padding: 0px; line-height: 30px; text-align: justify; color: rgb(85, 85, 85); font-family: &quot;Microsoft YaHei&quot;, Helvetica, Arial, sans-serif; white-space: normal; background-color: rgb(255, 255, 255);\"><span style=\"margin: 0px; padding: 0px; color: rgb(63, 63, 63);\">但狂奔之下，OYO依然面临运营成本高企、亏损严重以及用户投诉率攀升的尴尬。OYO模式究竟是“商业奇迹”还是定时炸弹？在成为全球第一之前，OYO还有多远的路要走？</span></p><h3 style=\"margin: 20px auto; padding: 0px 0px 0px 15px; font-size: 18px; color: rgb(33, 33, 33); line-height: 30px; border-left: 5px solid rgb(246, 118, 106); font-family: &quot;Microsoft YaHei&quot;, Helvetica, Arial, sans-serif; white-space: normal; background-color: rgb(255, 255, 255);\"><span style=\"margin: 0px; padding: 0px; color: rgb(63, 63, 63);\">经济型酒店的品控难题</span></h3><p style=\"margin-top: 10px; margin-bottom: 10px; padding: 0px; line-height: 30px; text-align: justify; color: rgb(85, 85, 85); font-family: &quot;Microsoft YaHei&quot;, Helvetica, Arial, sans-serif; white-space: normal; background-color: rgb(255, 255, 255);\"><span style=\"margin: 0px; padding: 0px; color: rgb(63, 63, 63);\">OYO发展过程中的第一个转折点可以追溯到2016年初。</span></p><p style=\"margin-top: 10px; margin-bottom: 10px; padding: 0px; line-height: 30px; text-align: justify; color: rgb(85, 85, 85); font-family: &quot;Microsoft YaHei&quot;, Helvetica, Arial, sans-serif; white-space: normal; background-color: rgb(255, 255, 255);\"><span style=\"margin: 0px; padding: 0px; color: rgb(63, 63, 63);\">2015-2016年的这段时间，OYO和直接竞争对手Fab Hotels、Treebo短兵相接，竞争进入白热化状态。</span></p><p style=\"margin-top: 10px; margin-bottom: 10px; padding: 0px; line-height: 30px; text-align: justify; color: rgb(85, 85, 85); font-family: &quot;Microsoft YaHei&quot;, Helvetica, Arial, sans-serif; white-space: normal; background-color: rgb(255, 255, 255);\"><span style=\"margin: 0px; padding: 0px; color: rgb(63, 63, 63);\">对当时的OYO来说，快速占有市场是唯一活下去的办法，于是创始人Ritesh采取了不收取加盟费、简单改造单体酒店门脸的方式快速扩张，三年的时间里覆盖了印度175个城市的5500多家合作酒店，最终在三方争霸的战役中站稳了脚跟。</span></p><p style=\"margin-top: 10px; margin-bottom: 10px; padding: 0px; line-height: 30px; text-align: justify; color: rgb(85, 85, 85); font-family: &quot;Microsoft YaHei&quot;, Helvetica, Arial, sans-serif; white-space: normal; background-color: rgb(255, 255, 255);\"><span style=\"margin: 0px; padding: 0px; color: rgb(63, 63, 63);\">一路狂奔下，这些单体酒店外面红白相间的广告牌格外显眼，同时也向全世界宣示着OYO的野心。但问题是，OYO对这些酒店的控制力微乎其微，只有少数的房间被换上OYO的床品、洗漱用品，并统一了室内装饰，但也仅此而已。</span></p><p style=\"margin-top: 10px; margin-bottom: 10px; padding: 0px; line-height: 30px; text-align: justify; color: rgb(85, 85, 85); font-family: &quot;Microsoft YaHei&quot;, Helvetica, Arial, sans-serif; white-space: normal; background-color: rgb(255, 255, 255);\"><span style=\"margin: 0px; padding: 0px; color: rgb(63, 63, 63);\">因为对于用户来说，好的入住体验从走进酒店大堂就开始了。那如果用户面对的是杂乱不堪的大堂，前台恶劣的服务态度，以及酒店提供的劣质餐食，就算室内的住宿条件再好，也很难会成为回头客。</span></p><p style=\"margin-top: 10px; margin-bottom: 10px; padding: 0px; line-height: 30px; text-align: justify; color: rgb(85, 85, 85); font-family: &quot;Microsoft YaHei&quot;, Helvetica, Arial, sans-serif; white-space: normal; background-color: rgb(255, 255, 255);\"><span style=\"margin: 0px; padding: 0px; color: rgb(63, 63, 63);\">所以在当时，印度社交媒体上充斥着用户对于OYO混乱的预订系统、良莠不齐的服务质量的抱怨，差评满天飞。OYO旗下一家经济型酒店的老板向印度媒体YourStory透露，“OYO的模式很难从根本上控制服务体验。“</span></p><p style=\"margin-top: 10px; margin-bottom: 10px; padding: 0px; line-height: 30px; text-align: justify; color: rgb(85, 85, 85); font-family: &quot;Microsoft YaHei&quot;, Helvetica, Arial, sans-serif; white-space: normal; background-color: rgb(255, 255, 255);\"><span style=\"margin: 0px; padding: 0px; color: rgb(63, 63, 63);\">面对内忧外患，OYO面向用户做了一次详尽的调查，最终决定将对酒店的控制权收回到自己手中以保证用户体验。</span></p><p style=\"margin-top: 10px; margin-bottom: 10px; padding: 0px; line-height: 30px; text-align: justify; color: rgb(85, 85, 85); font-family: &quot;Microsoft YaHei&quot;, Helvetica, Arial, sans-serif; white-space: normal; background-color: rgb(255, 255, 255);\"><span style=\"margin: 0px; padding: 0px; color: rgb(63, 63, 63);\">2016年，OYO与印度数百家酒店终止合作关系，并开始仿照万豪酒店租赁物业采用特许经营和租赁自营的模式，由此OYO的员工才得以正式进驻到酒店中，对酒店大堂、房间、厨房都做全方位的把控。</span></p><p style=\"margin-top: 10px; margin-bottom: 10px; padding: 0px; line-height: 30px; text-align: justify; color: rgb(85, 85, 85); font-family: &quot;Microsoft YaHei&quot;, Helvetica, Arial, sans-serif; white-space: normal; background-color: rgb(255, 255, 255);\"><span style=\"margin: 0px; padding: 0px; color: rgb(63, 63, 63);\">用户体验保证了，随之而来的是员工需求的激增。OYO必须面临高强度的运营工作：招聘、培训、管理的同时还要留住员工以降低边际成本。但在印度，高校和学院对毕业生就业培训的机制并不健全，OYO只能成立自己的“技能学院”，在家政、维修等岗位上从零开始培训员工，保证服务质量。</span></p><p style=\"margin-top: 10px; margin-bottom: 10px; padding: 0px; line-height: 30px; text-align: justify; color: rgb(85, 85, 85); font-family: &quot;Microsoft YaHei&quot;, Helvetica, Arial, sans-serif; white-space: normal; background-color: rgb(255, 255, 255);\"><span style=\"margin: 0px; padding: 0px; color: rgb(63, 63, 63);\">第一家“技能学院”在2016年底成立，随后Ritesh将技能学院的数量扩展到25所，雇用和培训了一万多名印度青年。</span></p><p style=\"margin-top: 10px; margin-bottom: 10px; padding: 0px; line-height: 30px; text-align: justify; color: rgb(85, 85, 85); font-family: &quot;Microsoft YaHei&quot;, Helvetica, Arial, sans-serif; white-space: normal; background-color: rgb(255, 255, 255);\"><span style=\"margin: 0px; padding: 0px; color: rgb(63, 63, 63);\">对中端酒店行业来说，运营能力和对细节的把控很大程度上决定着玩家能否在战役中获胜。</span></p><p style=\"margin-top: 10px; margin-bottom: 10px; padding: 0px; line-height: 30px; text-align: justify; color: rgb(85, 85, 85); font-family: &quot;Microsoft YaHei&quot;, Helvetica, Arial, sans-serif; white-space: normal; background-color: rgb(255, 255, 255);\"><span style=\"margin: 0px; padding: 0px; color: rgb(63, 63, 63);\">Ritesh坦承，在OYO的实际运营过程中依然会面临很多棘手的问题，比如床单的白度，甚至水的温度，这些都是保证用户体验过程中需要解决的问题。</span></p><p style=\"margin-top: 10px; margin-bottom: 10px; padding: 0px; line-height: 30px; text-align: justify; color: rgb(85, 85, 85); font-family: &quot;Microsoft YaHei&quot;, Helvetica, Arial, sans-serif; white-space: normal; background-color: rgb(255, 255, 255);\"><span style=\"margin: 0px; padding: 0px; color: rgb(63, 63, 63);\">OYO这次转型的正确性很快得到验证。两年后，主要针对商务旅客的中高端子品牌OYO Townhouses和主要提供度假房间的OYO Homes，或者是那些完全由OYO打理的&nbsp;OYO Rooms&nbsp;贡献了90%的利润。</span></p><h3 style=\"margin: 20px auto; padding: 0px 0px 0px 15px; font-size: 18px; color: rgb(33, 33, 33); line-height: 30px; border-left: 5px solid rgb(246, 118, 106); font-family: &quot;Microsoft YaHei&quot;, Helvetica, Arial, sans-serif; white-space: normal; background-color: rgb(255, 255, 255);\"><span style=\"margin: 0px; padding: 0px; color: rgb(63, 63, 63);\">OYO的狂奔</span></h3><p style=\"margin-top: 10px; margin-bottom: 10px; padding: 0px; line-height: 30px; text-align: justify; color: rgb(85, 85, 85); font-family: &quot;Microsoft YaHei&quot;, Helvetica, Arial, sans-serif; white-space: normal; background-color: rgb(255, 255, 255);\"><span style=\"margin: 0px; padding: 0px; color: rgb(63, 63, 63);\">RedSeer近期发布的行业报告显示，2018年印度的中端酒店市场规模为40亿美元，其中连锁酒店占到35%左右，而且自2015年以来还在以每年17%的速度增长。</span></p><p style=\"margin-top: 10px; margin-bottom: 10px; padding: 0px; line-height: 30px; text-align: justify; color: rgb(85, 85, 85); font-family: &quot;Microsoft YaHei&quot;, Helvetica, Arial, sans-serif; white-space: normal; background-color: rgb(255, 255, 255);\"><span style=\"margin: 0px; padding: 0px; color: rgb(63, 63, 63);\">伴随着市场红利，OYO开始了野心勃勃的市场扩张。</span></p><p style=\"margin-top: 10px; margin-bottom: 10px; padding: 0px; line-height: 30px; text-align: justify; color: rgb(85, 85, 85); font-family: &quot;Microsoft YaHei&quot;, Helvetica, Arial, sans-serif; white-space: normal; background-color: rgb(255, 255, 255);\"><span style=\"margin: 0px; padding: 0px; color: rgb(63, 63, 63);\">首先是业务线的扩张。除了OYO起家时以“轻加盟模式”创立的核心品牌OYO Rooms,2017年1月，OYO又面向中高端市场推出了OYO Townhouse。OYO Rooms的客单价在150元左右，而OYO Townhouse地理位置靠近核心商圈，装修也更为精致，且采用完全自营的模式，客单价在300元左右。OYO Townhouse的入住率为90％，复购率可以达到50％。</span></p><p style=\"margin-top: 10px; margin-bottom: 10px; padding: 0px; line-height: 30px; text-align: justify; color: rgb(85, 85, 85); font-family: &quot;Microsoft YaHei&quot;, Helvetica, Arial, sans-serif; white-space: normal; background-color: rgb(255, 255, 255);\"><span style=\"margin: 0px; padding: 0px; color: rgb(63, 63, 63);\">今年3月，OYO又推出了中端品牌Collection O，目前已经覆盖12家酒店。至此，OYO搭建起包括OYO Townhouse、Collection O、Edition O、OYO SilverKey在内的中端酒店品牌体系。</span></p><p style=\"margin-top: 10px; margin-bottom: 10px; padding: 0px; line-height: 30px; text-align: justify; color: rgb(85, 85, 85); font-family: &quot;Microsoft YaHei&quot;, Helvetica, Arial, sans-serif; white-space: normal; background-color: rgb(255, 255, 255);\"><span style=\"margin: 0px; padding: 0px; color: rgb(63, 63, 63);\">除此之外，OYO还有高端品牌OYO Palette resorts。</span></p><p><img src=\"http://ptmoolpfo.bkt.clouddn.com/3b79ebede1c2a8830309c8178e075503.jpg\" title=\"3b79ebede1c2a8830309c8178e075503.jpg\" alt=\"3b79ebede1c2a8830309c8178e075503.jpg\"/></p><p style=\"margin-top: 10px; margin-bottom: 10px; padding: 0px; line-height: 30px; text-align: center; color: rgb(85, 85, 85); font-family: &quot;Microsoft YaHei&quot;, Helvetica, Arial, sans-serif; white-space: normal; background-color: rgb(255, 255, 255);\"><span style=\"margin: 0px; padding: 0px; color: rgb(63, 63, 63); font-size: 14px;\">OYO团队</span></p><p style=\"margin-top: 10px; margin-bottom: 10px; padding: 0px; line-height: 30px; text-align: justify; color: rgb(85, 85, 85); font-family: &quot;Microsoft YaHei&quot;, Helvetica, Arial, sans-serif; white-space: normal; background-color: rgb(255, 255, 255);\"><span style=\"margin: 0px; padding: 0px; color: rgb(63, 63, 63);\">OYO的全球版图也在逐渐清晰。验证了印度本土市场的运营模式后，OYO开始进行海外扩张。第一站是市场环境和印度极为相似的东南亚，站稳脚跟后便在2017年11月开始进军中国。</span></p><p style=\"margin-top: 10px; margin-bottom: 10px; padding: 0px; line-height: 30px; text-align: justify; color: rgb(85, 85, 85); font-family: &quot;Microsoft YaHei&quot;, Helvetica, Arial, sans-serif; white-space: normal; background-color: rgb(255, 255, 255);\"><span style=\"margin: 0px; padding: 0px; color: rgb(63, 63, 63);\">对于国外品牌来说，进军中国市场绝非易事，众多世界巨头在中国市场纷纷折戟。亚马逊作为全球最大电子商务平台在国内的市场份额不足2%，最终宣布将在7月18日正式退出中国市场，而Uber作为全球最具价值的创业公司之一，也在和滴滴的战斗中败下阵来于2016年退出中国。</span></p><p style=\"margin-top: 10px; margin-bottom: 10px; padding: 0px; line-height: 30px; text-align: justify; color: rgb(85, 85, 85); font-family: &quot;Microsoft YaHei&quot;, Helvetica, Arial, sans-serif; white-space: normal; background-color: rgb(255, 255, 255);\"><span style=\"margin: 0px; padding: 0px; color: rgb(63, 63, 63);\">于是所有人都对OYO抛来质疑：真的能啃下中国市场这块硬骨头吗？</span></p><p style=\"margin-top: 10px; margin-bottom: 10px; padding: 0px; line-height: 30px; text-align: justify; color: rgb(85, 85, 85); font-family: &quot;Microsoft YaHei&quot;, Helvetica, Arial, sans-serif; white-space: normal; background-color: rgb(255, 255, 255);\"><span style=\"margin: 0px; padding: 0px; color: rgb(63, 63, 63);\">结果，截至2018年9月，OYO用不到一年的时间拿下国内12.9万间客房，跻身中国前20大连锁酒店之列。</span></p><p style=\"margin-top: 10px; margin-bottom: 10px; padding: 0px; line-height: 30px; text-align: justify; color: rgb(85, 85, 85); font-family: &quot;Microsoft YaHei&quot;, Helvetica, Arial, sans-serif; white-space: normal; background-color: rgb(255, 255, 255);\"><span style=\"margin: 0px; padding: 0px; color: rgb(63, 63, 63);\">如今，OYO已经在尼泊尔、印度尼西亚、阿联酋、菲律宾、英国等10个国家的500多座城市进行业务布局，OYO管理的客房数也扩至50万间。</span></p><p style=\"margin-top: 10px; margin-bottom: 10px; padding: 0px; line-height: 30px; text-align: justify; color: rgb(85, 85, 85); font-family: &quot;Microsoft YaHei&quot;, Helvetica, Arial, sans-serif; white-space: normal; background-color: rgb(255, 255, 255);\"><span style=\"margin: 0px; padding: 0px; color: rgb(63, 63, 63);\">除了自身业务和市场版图的拓展，年轻的OYO开启疯狂买买买模式。</span></p><p style=\"margin-top: 10px; margin-bottom: 10px; padding: 0px; line-height: 30px; text-align: justify; color: rgb(85, 85, 85); font-family: &quot;Microsoft YaHei&quot;, Helvetica, Arial, sans-serif; white-space: normal; background-color: rgb(255, 255, 255);\"><span style=\"margin: 0px; padding: 0px; color: rgb(63, 63, 63);\">2019年5月，OYO以3.6亿欧元收购欧洲民宿品牌LeisureGroup。由于OYO曾经遭到印度OTA的封杀，2018年起，OYO开始“自给自足”，用户可以通过OYO APP直接预订出租车、搜索附近的餐馆，OYO还可以提供包括酒店、导游、餐饮以及机票和签证等的一站式的旅游解决方案。当然，这背后少不了投资方打车巨头Grab和在线旅行巨头Booking的支持。</span></p><p style=\"margin-top: 10px; margin-bottom: 10px; padding: 0px; line-height: 30px; text-align: justify; color: rgb(85, 85, 85); font-family: &quot;Microsoft YaHei&quot;, Helvetica, Arial, sans-serif; white-space: normal; background-color: rgb(255, 255, 255);\"><span style=\"margin: 0px; padding: 0px; color: rgb(63, 63, 63);\">2018年，OYO推出场地业务AutoParty提供宴会和婚礼策划服务后，又收购了婚宴场地在线预定平台Weddingz。</span></p><p style=\"margin-top: 10px; margin-bottom: 10px; padding: 0px; line-height: 30px; text-align: justify; color: rgb(85, 85, 85); font-family: &quot;Microsoft YaHei&quot;, Helvetica, Arial, sans-serif; white-space: normal; background-color: rgb(255, 255, 255);\"><span style=\"margin: 0px; padding: 0px; color: rgb(63, 63, 63);\">今年2月，OYO与雅虎日本公司推出“OYO Life”进军长租公寓市场。</span></p><p style=\"margin-top: 10px; margin-bottom: 10px; padding: 0px; line-height: 30px; text-align: justify; color: rgb(85, 85, 85); font-family: &quot;Microsoft YaHei&quot;, Helvetica, Arial, sans-serif; white-space: normal; background-color: rgb(255, 255, 255);\"><span style=\"margin: 0px; padding: 0px; color: rgb(63, 63, 63);\">今年3月，OYO以22亿卢比（约等于3000万美元）收购新加坡联合办公初创公司Innov8，进军联合办公领域。同时，中国连锁酒店品牌千屿也被OYO纳入麾下。</span></p><p style=\"margin-top: 10px; margin-bottom: 10px; padding: 0px; line-height: 30px; text-align: justify; color: rgb(85, 85, 85); font-family: &quot;Microsoft YaHei&quot;, Helvetica, Arial, sans-serif; white-space: normal; background-color: rgb(255, 255, 255);\"><span style=\"margin: 0px; padding: 0px; color: rgb(63, 63, 63);\">另外也有媒体爆出，OYO还将收购印度食品科技初创公司FreshMenu。</span></p><p style=\"margin-top: 10px; margin-bottom: 10px; padding: 0px; line-height: 30px; text-align: justify; color: rgb(85, 85, 85); font-family: &quot;Microsoft YaHei&quot;, Helvetica, Arial, sans-serif; white-space: normal; background-color: rgb(255, 255, 255);\"><span style=\"margin: 0px; padding: 0px; color: rgb(63, 63, 63);\">虽然距离IPO还有一段距离，但疯狂的扩张让OYO的估值一路水涨船高。累计融资金额超过17亿美金（其中包括去年软银10亿美元巨额投资）之后，OYO目前的估值超过50亿美元。要知道，OYO在印度最大的竞争对手——印度酒店集团(India Hotels)的市值也只有25.6亿美元。印度酒店集团是泰姬陵酒店(Taj Hotels)的母公司，也是印度最大的上市连锁酒店集团。</span></p><h3 style=\"margin: 20px auto; padding: 0px 0px 0px 15px; font-size: 18px; color: rgb(33, 33, 33); line-height: 30px; border-left: 5px solid rgb(246, 118, 106); font-family: &quot;Microsoft YaHei&quot;, Helvetica, Arial, sans-serif; white-space: normal; background-color: rgb(255, 255, 255);\"><span style=\"margin: 0px; padding: 0px; color: rgb(63, 63, 63);\">快速扩张的背后</span></h3><p style=\"margin-top: 10px; margin-bottom: 10px; padding: 0px; line-height: 30px; text-align: justify; color: rgb(85, 85, 85); font-family: &quot;Microsoft YaHei&quot;, Helvetica, Arial, sans-serif; white-space: normal; background-color: rgb(255, 255, 255);\"><span style=\"margin: 0px; padding: 0px; color: rgb(63, 63, 63);\">OYO快速扩张的模式并不被传统连锁酒店的玩家看好，在他们看来，OYO像一颗定时炸弹，一方面不仅需要负担自身日益增长的运营、研发、地推等成本，还要面对客源的引流补贴费用、酒店方加盟改造和后续运维费用。更重要的是，对单体经济型酒店“轻模式”的改造并没有从根源处提升用户的入住体验，投诉率攀升。</span></p><p style=\"margin-top: 10px; margin-bottom: 10px; padding: 0px; line-height: 30px; text-align: justify; color: rgb(85, 85, 85); font-family: &quot;Microsoft YaHei&quot;, Helvetica, Arial, sans-serif; white-space: normal; background-color: rgb(255, 255, 255);\"><span style=\"margin: 0px; padding: 0px; color: rgb(63, 63, 63);\">在签约酒店前需要对其进行严格的资质考核，OYO如此快的扩张模式如何保障扩张质量？</span></p><p style=\"margin-top: 10px; margin-bottom: 10px; padding: 0px; line-height: 30px; text-align: justify; color: rgb(85, 85, 85); font-family: &quot;Microsoft YaHei&quot;, Helvetica, Arial, sans-serif; white-space: normal; background-color: rgb(255, 255, 255);\"><span style=\"margin: 0px; padding: 0px; color: rgb(63, 63, 63);\">OYO的方法是通过一款名为ORBIS的App取代传统的审查方法，大部分资质可以通过线上的方式进行认证从而提高审核效率。通过App可以自动分析与当地住宿市场相关的不同数据点，计算出酒店的预计入住率、加入OYO后的收入等信息。</span></p><p style=\"margin-top: 10px; margin-bottom: 10px; padding: 0px; line-height: 30px; text-align: justify; color: rgb(85, 85, 85); font-family: &quot;Microsoft YaHei&quot;, Helvetica, Arial, sans-serif; white-space: normal; background-color: rgb(255, 255, 255);\"><span style=\"margin: 0px; padding: 0px; color: rgb(63, 63, 63);\">除此之外，OYO还针对酒店维护、厨房订单、清洁、入住和退房开发了app，Ritesh想要通过线上的方式确保地推及后续服务过程的无缝和透明。</span></p><p style=\"margin-top: 10px; margin-bottom: 10px; padding: 0px; line-height: 30px; text-align: justify; color: rgb(85, 85, 85); font-family: &quot;Microsoft YaHei&quot;, Helvetica, Arial, sans-serif; white-space: normal; background-color: rgb(255, 255, 255);\"><span style=\"margin: 0px; padding: 0px; color: rgb(63, 63, 63);\">仅在2018年9月，OYO就在全球范围里一天内新增了超过14万间客房,速度惊人。</span></p><p style=\"margin-top: 10px; margin-bottom: 10px; padding: 0px; line-height: 30px; text-align: justify; color: rgb(85, 85, 85); font-family: &quot;Microsoft YaHei&quot;, Helvetica, Arial, sans-serif; white-space: normal; background-color: rgb(255, 255, 255);\"><span style=\"margin: 0px; padding: 0px; color: rgb(63, 63, 63);\">但快速扩张带来的是止不住的亏损。公开数据显示，OYO正式开始运营的第一年营收为3.286亿卢比，而亏损高达49.631亿卢比。截至2018财年末，OYO的亏损达到36亿卢比。</span></p><p style=\"margin-top: 10px; margin-bottom: 10px; padding: 0px; line-height: 30px; text-align: justify; color: rgb(85, 85, 85); font-family: &quot;Microsoft YaHei&quot;, Helvetica, Arial, sans-serif; white-space: normal; background-color: rgb(255, 255, 255);\"><span style=\"margin: 0px; padding: 0px; color: rgb(63, 63, 63);\">更重要的是用户体验的问题，在OYO近期召开的一次新闻发布会上，一名日本记者向创始人Ritesh提出质疑，德里地区的OYO Townhouses存在众多配套设施缺陷。Ritesh承认，对于OYO来说还有许多问题需要解决，但是OYO需要的只是时间。</span></p><p><br/></p>','http://ptmoolpfo.bkt.clouddn.com/1561646865649.list','2019-06-27 14:49:56.424810','w3AMdmQ4pJk6KmMukYfMDJ',4);
/*!40000 ALTER TABLE `news_news` ENABLE KEYS */;
UNLOCK TABLES;

--
-- Table structure for table `news_newscategory`
--

DROP TABLE IF EXISTS `news_newscategory`;
/*!40101 SET @saved_cs_client     = @@character_set_client */;
/*!40101 SET character_set_client = utf8 */;
CREATE TABLE `news_newscategory` (
  `id` int(11) NOT NULL AUTO_INCREMENT,
  `name` varchar(100) NOT NULL,
  PRIMARY KEY (`id`)
) ENGINE=InnoDB AUTO_INCREMENT=5 DEFAULT CHARSET=utf8;
/*!40101 SET character_set_client = @saved_cs_client */;

--
-- Dumping data for table `news_newscategory`
--

LOCK TABLES `news_newscategory` WRITE;
/*!40000 ALTER TABLE `news_newscategory` DISABLE KEYS */;
INSERT INTO `news_newscategory` VALUES (1,'投资咨询'),(2,'人工智障'),(3,'热点'),(4,'深度报导');
/*!40000 ALTER TABLE `news_newscategory` ENABLE KEYS */;
UNLOCK TABLES;

--
-- Table structure for table `xfzauth_user`
--

DROP TABLE IF EXISTS `xfzauth_user`;
/*!40101 SET @saved_cs_client     = @@character_set_client */;
/*!40101 SET character_set_client = utf8 */;
CREATE TABLE `xfzauth_user` (
  `password` varchar(128) NOT NULL,
  `last_login` datetime(6) DEFAULT NULL,
  `is_superuser` tinyint(1) NOT NULL,
  `uid` varchar(22) NOT NULL,
  `username` varchar(100) NOT NULL,
  `telephone` varchar(11) NOT NULL,
  `email` varchar(254) DEFAULT NULL,
  `is_active` tinyint(1) NOT NULL,
  `is_staff` tinyint(1) NOT NULL,
  `date_joined` datetime(6) NOT NULL,
  PRIMARY KEY (`uid`),
  UNIQUE KEY `telephone` (`telephone`),
  UNIQUE KEY `email` (`email`)
) ENGINE=InnoDB DEFAULT CHARSET=utf8;
/*!40101 SET character_set_client = @saved_cs_client */;

--
-- Dumping data for table `xfzauth_user`
--

LOCK TABLES `xfzauth_user` WRITE;
/*!40000 ALTER TABLE `xfzauth_user` DISABLE KEYS */;
INSERT INTO `xfzauth_user` VALUES ('pbkdf2_sha256$150000$zJs0GsA6eI2N$cdvsuRw6c0cD/qkNJtkZ7doRpAChSAApegMxFv4tlLs=','2019-06-26 18:10:28.783192',0,'w3AMdmQ4pJk6KmMukYfMDJ','小桌桌','18275993801',NULL,1,1,'2019-06-25 06:52:41.056925');
/*!40000 ALTER TABLE `xfzauth_user` ENABLE KEYS */;
UNLOCK TABLES;

--
-- Table structure for table `xfzauth_user_groups`
--

DROP TABLE IF EXISTS `xfzauth_user_groups`;
/*!40101 SET @saved_cs_client     = @@character_set_client */;
/*!40101 SET character_set_client = utf8 */;
CREATE TABLE `xfzauth_user_groups` (
  `id` int(11) NOT NULL AUTO_INCREMENT,
  `user_id` varchar(22) NOT NULL,
  `group_id` int(11) NOT NULL,
  PRIMARY KEY (`id`),
  UNIQUE KEY `xfzauth_user_groups_user_id_group_id_d2832b74_uniq` (`user_id`,`group_id`),
  KEY `xfzauth_user_groups_group_id_d7c0ba51_fk_auth_group_id` (`group_id`),
  CONSTRAINT `xfzauth_user_groups_group_id_d7c0ba51_fk_auth_group_id` FOREIGN KEY (`group_id`) REFERENCES `auth_group` (`id`),
  CONSTRAINT `xfzauth_user_groups_user_id_a55d6898_fk_xfzauth_user_uid` FOREIGN KEY (`user_id`) REFERENCES `xfzauth_user` (`uid`)
) ENGINE=InnoDB DEFAULT CHARSET=utf8;
/*!40101 SET character_set_client = @saved_cs_client */;

--
-- Dumping data for table `xfzauth_user_groups`
--

LOCK TABLES `xfzauth_user_groups` WRITE;
/*!40000 ALTER TABLE `xfzauth_user_groups` DISABLE KEYS */;
/*!40000 ALTER TABLE `xfzauth_user_groups` ENABLE KEYS */;
UNLOCK TABLES;

--
-- Table structure for table `xfzauth_user_user_permissions`
--

DROP TABLE IF EXISTS `xfzauth_user_user_permissions`;
/*!40101 SET @saved_cs_client     = @@character_set_client */;
/*!40101 SET character_set_client = utf8 */;
CREATE TABLE `xfzauth_user_user_permissions` (
  `id` int(11) NOT NULL AUTO_INCREMENT,
  `user_id` varchar(22) NOT NULL,
  `permission_id` int(11) NOT NULL,
  PRIMARY KEY (`id`),
  UNIQUE KEY `xfzauth_user_user_permis_user_id_permission_id_ee2ce3dd_uniq` (`user_id`,`permission_id`),
  KEY `xfzauth_user_user_pe_permission_id_38fd7164_fk_auth_perm` (`permission_id`),
  CONSTRAINT `xfzauth_user_user_pe_permission_id_38fd7164_fk_auth_perm` FOREIGN KEY (`permission_id`) REFERENCES `auth_permission` (`id`),
  CONSTRAINT `xfzauth_user_user_pe_user_id_bc7be476_fk_xfzauth_u` FOREIGN KEY (`user_id`) REFERENCES `xfzauth_user` (`uid`)
) ENGINE=InnoDB DEFAULT CHARSET=utf8;
/*!40101 SET character_set_client = @saved_cs_client */;

--
-- Dumping data for table `xfzauth_user_user_permissions`
--

LOCK TABLES `xfzauth_user_user_permissions` WRITE;
/*!40000 ALTER TABLE `xfzauth_user_user_permissions` DISABLE KEYS */;
/*!40000 ALTER TABLE `xfzauth_user_user_permissions` ENABLE KEYS */;
UNLOCK TABLES;
/*!40103 SET TIME_ZONE=@OLD_TIME_ZONE */;

/*!40101 SET SQL_MODE=@OLD_SQL_MODE */;
/*!40014 SET FOREIGN_KEY_CHECKS=@OLD_FOREIGN_KEY_CHECKS */;
/*!40014 SET UNIQUE_CHECKS=@OLD_UNIQUE_CHECKS */;
/*!40101 SET CHARACTER_SET_CLIENT=@OLD_CHARACTER_SET_CLIENT */;
/*!40101 SET CHARACTER_SET_RESULTS=@OLD_CHARACTER_SET_RESULTS */;
/*!40101 SET COLLATION_CONNECTION=@OLD_COLLATION_CONNECTION */;
/*!40111 SET SQL_NOTES=@OLD_SQL_NOTES */;

-- Dump completed on 2019-06-29  0:43:29
